experimento,variante_espacial,modelo,localidad,ano,bimestre,valor_real,prediccion,error,error_absoluto
A_contemporaneo,con_latitud_longitud,Regresion lineal,ANTONIO NARINO,2024,1,11.036871238576422,14.237001969559596,-3.200130730983174,3.200130730983174
A_contemporaneo,con_latitud_longitud,Regresion lineal,BARRIOS UNIDOS,2024,1,11.25153172266218,13.754652826100433,-2.503121103438252,2.503121103438252
A_contemporaneo,con_latitud_longitud,Regresion lineal,BOSA,2024,1,9.622822534790625,13.038997930000663,-3.416175395210038,3.416175395210038
A_contemporaneo,con_latitud_longitud,Regresion lineal,CHAPINERO,2024,1,11.412329843723242,12.486334397163853,-1.074004553440611,1.074004553440611
A_contemporaneo,con_latitud_longitud,Regresion lineal,CIUDAD BOLIVAR,2024,1,10.86909424091507,14.041219915902465,-3.172125674987395,3.172125674987395
A_contemporaneo,con_latitud_longitud,Regresion lineal,ENGATIVA,2024,1,10.204748104244752,13.435592760419668,-3.2308446561749165,3.2308446561749165
A_contemporaneo,con_latitud_longitud,Regresion lineal,FONTIBON,2024,1,12.928098908909138,12.95287816013579,-0.0247792512266507,0.0247792512266507
A_contemporaneo,con_latitud_longitud,Regresion lineal,KENNEDY,2024,1,10.406741061261672,13.93840812121875,-3.531667059957078,3.531667059957078
A_contemporaneo,con_latitud_longitud,Regresion lineal,LA CANDELARIA,2024,1,18.423087506879465,14.379583696938736,4.043503809940729,4.043503809940729
A_contemporaneo,con_latitud_longitud,Regresion lineal,LOS MARTIRES,2024,1,11.441326930923008,14.375578142230118,-2.93425121130711,2.93425121130711
A_contemporaneo,con_latitud_longitud,Regresion lineal,PUENTE ARANDA,2024,1,14.178904741778142,13.786809985108961,0.3920947566691808,0.3920947566691808
A_contemporaneo,con_latitud_longitud,Regresion lineal,RAFAEL URIBE URIBE,2024,1,11.253094542194068,14.34212428304572,-3.089029740851652,3.089029740851652
A_contemporaneo,con_latitud_longitud,Regresion lineal,SAN CRISTOBAL,2024,1,10.785881142090602,14.501540404517991,-3.7156592624273888,3.7156592624273888
A_contemporaneo,con_latitud_longitud,Regresion lineal,SANTA FE,2024,1,11.30923158312392,14.246129817194237,-2.936898234070318,2.936898234070318
A_contemporaneo,con_latitud_longitud,Regresion lineal,SUBA,2024,1,9.98751316755734,11.78053551049637,-1.7930223429390288,1.7930223429390288
A_contemporaneo,con_latitud_longitud,Regresion lineal,SUMAPAZ,2024,1,20.0,17.911232352467163,2.088767647532837,2.088767647532837
A_contemporaneo,con_latitud_longitud,Regresion lineal,TEUSAQUILLO,2024,1,10.69041653176424,13.728779805861652,-3.038363274097412,3.038363274097412
A_contemporaneo,con_latitud_longitud,Regresion lineal,TUNJUELITO,2024,1,14.104897409838772,14.218838325187662,-0.1139409153488895,0.1139409153488895
A_contemporaneo,con_latitud_longitud,Regresion lineal,USAQUEN,2024,1,10.737109616915863,12.04628733770549,-1.3091777207896271,1.3091777207896271
A_contemporaneo,con_latitud_longitud,Regresion lineal,USME,2024,1,10.264386478256728,14.42450158357641,-4.160115105319681,4.160115105319681
A_contemporaneo,con_latitud_longitud,Regresion lineal,ANTONIO NARINO,2024,2,10.889080523719448,15.396120609750362,-4.507040086030914,4.507040086030914
A_contemporaneo,con_latitud_longitud,Regresion lineal,BARRIOS UNIDOS,2024,2,10.732379174069107,14.877077903844954,-4.144698729775847,4.144698729775847
A_contemporaneo,con_latitud_longitud,Regresion lineal,BOSA,2024,2,9.56465808490901,14.106981265749598,-4.542323180840588,4.542323180840588
A_contemporaneo,con_latitud_longitud,Regresion lineal,CHAPINERO,2024,2,10.685633359876622,13.695647041799736,-3.0100136819231142,3.0100136819231142
A_contemporaneo,con_latitud_longitud,Regresion lineal,CIUDAD BOLIVAR,2024,2,11.000483769710852,15.185444902586969,-4.184961132876117,4.184961132876117
A_contemporaneo,con_latitud_longitud,Regresion lineal,ENGATIVA,2024,2,10.377497586137912,14.533746103461397,-4.156248517323485,4.156248517323485
A_contemporaneo,con_latitud_longitud,Regresion lineal,FONTIBON,2024,2,12.389308019568649,14.014310139473617,-1.625002119904968,1.625002119904968
A_contemporaneo,con_latitud_longitud,Regresion lineal,KENNEDY,2024,2,10.28940351933042,15.074811945453618,-4.7854084261231975,4.7854084261231975
A_contemporaneo,con_latitud_longitud,Regresion lineal,LA CANDELARIA,2024,2,16.849002064693735,15.549548902502789,1.2994531621909466,1.2994531621909466
A_contemporaneo,con_latitud_longitud,Regresion lineal,LOS MARTIRES,2024,2,11.310064985541493,15.545238634758345,-4.235173649216852,4.235173649216852
A_contemporaneo,con_latitud_longitud,Regresion lineal,PUENTE ARANDA,2024,2,15.125420386553035,14.911681342147586,0.21373904440544855,0.21373904440544855
A_contemporaneo,con_latitud_longitud,Regresion lineal,RAFAEL URIBE URIBE,2024,2,11.28338404719874,15.509239852901853,-4.225855805703112,4.225855805703112
A_contemporaneo,con_latitud_longitud,Regresion lineal,SAN CRISTOBAL,2024,2,10.964617431033478,15.680783176189458,-4.71616574515598,4.71616574515598
A_contemporaneo,con_latitud_longitud,Regresion lineal,SANTA FE,2024,2,10.92882072977261,15.405942836657196,-4.477122106884586,4.477122106884586
A_contemporaneo,con_latitud_longitud,Regresion lineal,SUBA,2024,2,9.902885856283806,12.541925872034726,-2.63904001575092,2.63904001575092
A_contemporaneo,con_latitud_longitud,Regresion lineal,SUMAPAZ,2024,2,22.0,19.059289523977426,2.9407104760225735,2.9407104760225735
A_contemporaneo,con_latitud_longitud,Regresion lineal,TEUSAQUILLO,2024,2,10.09315592024842,14.84923665520424,-4.756080734955821,4.756080734955821
A_contemporaneo,con_latitud_longitud,Regresion lineal,TUNJUELITO,2024,2,14.007601536772784,15.376575209386829,-1.368973672614045,1.368973672614045
A_contemporaneo,con_latitud_longitud,Regresion lineal,USAQUEN,2024,2,10.476219089234203,13.216141189643057,-2.7399221004088545,2.7399221004088545
A_contemporaneo,con_latitud_longitud,Regresion lineal,USME,2024,2,10.271404333072303,15.597883810401182,-5.3264794773288795,5.3264794773288795
A_contemporaneo,con_latitud_longitud,Regresion lineal,ANTONIO NARINO,2024,3,10.693898255063273,14.48274852190152,-3.7888502668382475,3.7888502668382475
A_contemporaneo,con_latitud_longitud,Regresion lineal,BARRIOS UNIDOS,2024,3,11.02788996142492,13.992619918987874,-2.9647299575629535,2.9647299575629535
A_contemporaneo,con_latitud_longitud,Regresion lineal,BOSA,2024,3,9.598112473466493,13.265422744181665,-3.6673102707151717,3.6673102707151717
A_contemporaneo,con_latitud_longitud,Regresion lineal,CHAPINERO,2024,3,11.40855222784479,11.60409854742684,-0.19554631958204993,0.19554631958204993
A_contemporaneo,con_latitud_longitud,Regresion lineal,CIUDAD BOLIVAR,2024,3,10.955546303324171,14.28380884151488,-3.3282625381907085,3.3282625381907085
A_contemporaneo,con_latitud_longitud,Regresion lineal,ENGATIVA,2024,3,10.21859162616628,13.66841396494352,-3.44982233877724,3.44982233877724
A_contemporaneo,con_latitud_longitud,Regresion lineal,FONTIBON,2024,3,12.81182344484594,13.177914011017123,-0.36609056617118263,0.36609056617118263
A_contemporaneo,con_latitud_longitud,Regresion lineal,KENNEDY,2024,3,10.389192950878,14.179338869971046,-3.790145919093046,3.790145919093046
A_contemporaneo,con_latitud_longitud,Regresion lineal,LA CANDELARIA,2024,3,16.733420473307653,14.627629846537417,2.1057906267702364,2.1057906267702364
A_contemporaneo,con_latitud_longitud,Regresion lineal,LOS MARTIRES,2024,3,11.137340850655182,14.62355968914241,-3.4862188384872272,3.4862188384872272
A_contemporaneo,con_latitud_longitud,Regresion lineal,PUENTE ARANDA,2024,3,15.21598083314425,14.025295717488287,1.1906851156559632,1.1906851156559632
A_contemporaneo,con_latitud_longitud,Regresion lineal,RAFAEL URIBE URIBE,2024,3,11.13446700214009,14.58956627692956,-3.45509927478947,3.45509927478947
A_contemporaneo,con_latitud_longitud,Regresion lineal,SAN CRISTOBAL,2024,3,10.68659660618086,14.751553505389792,-4.064956899208932,4.064956899208932
A_contemporaneo,con_latitud_longitud,Regresion lineal,SANTA FE,2024,3,11.192153289491062,14.492023585969617,-3.299870296478556,3.299870296478556
A_contemporaneo,con_latitud_longitud,Regresion lineal,SUBA,2024,3,9.985130365416556,13.385702085169791,-3.400571719753236,3.400571719753236
A_contemporaneo,con_latitud_longitud,Regresion lineal,SUMAPAZ,2024,3,18.999999999999996,15.959044106403613,3.040955893596383,3.040955893596383
A_contemporaneo,con_latitud_longitud,Regresion lineal,TEUSAQUILLO,2024,3,10.537467935689149,13.966329611573101,-3.4288616758839527,3.4288616758839527
A_contemporaneo,con_latitud_longitud,Regresion lineal,TUNJUELITO,2024,3,13.981570293231018,14.464291929284828,-0.48272163605381024,0.48272163605381024
A_contemporaneo,con_latitud_longitud,Regresion lineal,USAQUEN,2024,3,10.24685452017917,11.192838056652938,-0.9459835364737685,0.9459835364737685
A_contemporaneo,con_latitud_longitud,Regresion lineal,USME,2024,3,10.124127025183999,14.673272181186697,-4.549145156002698,4.549145156002698
A_contemporaneo,con_latitud_longitud,Regresion lineal,ANTONIO NARINO,2024,4,9.244175038934863,12.847223424799557,-3.6030483858646942,3.6030483858646942
A_contemporaneo,con_latitud_longitud,Regresion lineal,BARRIOS UNIDOS,2024,4,10.13724497178411,12.408869713775342,-2.271624741991232,2.271624741991232
A_contemporaneo,con_latitud_longitud,Regresion lineal,BOSA,2024,4,8.986675792835955,11.758490245350842,-2.771814452514887,2.771814452514887
A_contemporaneo,con_latitud_longitud,Regresion lineal,CHAPINERO,2024,4,10.26520185493747,11.899356741001013,-1.634154886063543,1.634154886063543
A_contemporaneo,con_latitud_longitud,Regresion lineal,CIUDAD BOLIVAR,2024,4,9.948590859516646,12.669298801243524,-2.7207079417268787,2.7207079417268787
A_contemporaneo,con_latitud_longitud,Regresion lineal,ENGATIVA,2024,4,9.573945290382813,12.118911359484962,-2.5449660691021485,2.5449660691021485
A_contemporaneo,con_latitud_longitud,Regresion lineal,FONTIBON,2024,4,11.771533605358382,11.680225525231126,0.09130808012725566,0.09130808012725566
A_contemporaneo,con_latitud_longitud,Regresion lineal,KENNEDY,2024,4,9.60987653031743,12.575864548591055,-2.965988018273624,2.965988018273624
A_contemporaneo,con_latitud_longitud,Regresion lineal,LA CANDELARIA,2024,4,15.611233328750167,12.976800164322016,2.6344331644281507,2.6344331644281507
A_contemporaneo,con_latitud_longitud,Regresion lineal,LOS MARTIRES,2024,4,10.341960584029321,12.973159959306534,-2.6311993752772125,2.6311993752772125
A_contemporaneo,con_latitud_longitud,Regresion lineal,PUENTE ARANDA,2024,4,14.376812441534142,12.438093793839615,1.938718647694527,1.938718647694527
A_contemporaneo,con_latitud_longitud,Regresion lineal,RAFAEL URIBE URIBE,2024,4,10.20627413127413,12.9427574520762,-2.736483320802071,2.736483320802071
A_contemporaneo,con_latitud_longitud,Regresion lineal,SAN CRISTOBAL,2024,4,10.02104904936178,13.087633107795847,-3.066584058434067,3.066584058434067
A_contemporaneo,con_latitud_longitud,Regresion lineal,SANTA FE,2024,4,10.32593501081395,12.855518714505289,-2.5295837036913387,2.5295837036913387
A_contemporaneo,con_latitud_longitud,Regresion lineal,SUBA,2024,4,9.056744624659656,12.082404336726539,-3.025659712066883,3.025659712066883
A_contemporaneo,con_latitud_longitud,Regresion lineal,TEUSAQUILLO,2024,4,9.62754204145483,12.385356591401496,-2.7578145499466657,2.7578145499466657
A_contemporaneo,con_latitud_longitud,Regresion lineal,TUNJUELITO,2024,4,12.61263666412408,12.83071650025303,-0.21807983612895043,0.21807983612895043
A_contemporaneo,con_latitud_longitud,Regresion lineal,USAQUEN,2024,4,9.978706683631463,11.478462238787307,-1.4997555551558435,1.4997555551558435
A_contemporaneo,con_latitud_longitud,Regresion lineal,USME,2024,4,9.576611452188043,13.017621056337669,-3.4410096041496256,3.4410096041496256
A_contemporaneo,con_latitud_longitud,Regresion lineal,ANTONIO NARINO,2024,5,8.814745075318656,12.38538350963557,-3.5706384343169137,3.5706384343169137
A_contemporaneo,con_latitud_longitud,Regresion lineal,BARRIOS UNIDOS,2024,5,9.724489795918366,11.961650003290703,-2.2371602073723373,2.2371602073723373
A_contemporaneo,con_latitud_longitud,Regresion lineal,BOSA,2024,5,8.627833355159394,11.332962334681005,-2.7051289795216107,2.7051289795216107
A_contemporaneo,con_latitud_longitud,Regresion lineal,CHAPINERO,2024,5,10.015843023255812,11.776493759788197,-1.7606507365323854,1.7606507365323854
A_contemporaneo,con_latitud_longitud,Regresion lineal,CIUDAD BOLIVAR,2024,5,9.012294659957577,12.213393122173507,-3.2010984622159295,3.2010984622159295
A_contemporaneo,con_latitud_longitud,Regresion lineal,ENGATIVA,2024,5,8.938284004793475,11.681362493301624,-2.7430784885081483,2.7430784885081483
A_contemporaneo,con_latitud_longitud,Regresion lineal,FONTIBON,2024,5,11.564809522720859,11.257307940876649,0.3075015818442104,0.3075015818442104
A_contemporaneo,con_latitud_longitud,Regresion lineal,KENNEDY,2024,5,9.386469851469174,12.12307513810389,-2.736605286634715,2.736605286634715
A_contemporaneo,con_latitud_longitud,Regresion lineal,LA CANDELARIA,2024,5,11.609347826086962,12.510638537248543,-0.9012907111615807,0.9012907111615807
A_contemporaneo,con_latitud_longitud,Regresion lineal,LOS MARTIRES,2024,5,8.996991706867583,12.507119742274911,-3.5101280354073285,3.5101280354073285
A_contemporaneo,con_latitud_longitud,Regresion lineal,PUENTE ARANDA,2024,5,13.672493614303958,11.989899386389125,1.6825942279148336,1.6825942279148336
A_contemporaneo,con_latitud_longitud,Regresion lineal,RAFAEL URIBE URIBE,2024,5,9.643767754451602,12.477731235536178,-2.8339634810845755,2.8339634810845755
A_contemporaneo,con_latitud_longitud,Regresion lineal,SAN CRISTOBAL,2024,5,8.892466507714186,12.61777492180648,-3.7253084140922947,3.7253084140922947
A_contemporaneo,con_latitud_longitud,Regresion lineal,SANTA FE,2024,5,10.029968744254461,12.393402130454232,-2.3634333861997714,2.3634333861997714
A_contemporaneo,con_latitud_longitud,Regresion lineal,SUBA,2024,5,8.851618714825339,10.147686754496466,-1.2960680396711268,1.2960680396711268
A_contemporaneo,con_latitud_longitud,Regresion lineal,TEUSAQUILLO,2024,5,9.34373867216909,11.938921103003066,-2.595182430833976,2.595182430833976
A_contemporaneo,con_latitud_longitud,Regresion lineal,TUNJUELITO,2024,5,11.547917464834978,12.369427132761912,-0.821509667926934,0.821509667926934
A_contemporaneo,con_latitud_longitud,Regresion lineal,USAQUEN,2024,5,9.230260446354189,11.35960816703845,-2.1293477206842617,2.1293477206842617
A_contemporaneo,con_latitud_longitud,Regresion lineal,USME,2024,5,9.110767020970984,12.550097949296184,-3.4393309283252,3.4393309283252
A_contemporaneo,con_latitud_longitud,Regresion lineal,ANTONIO NARINO,2024,6,9.81149379544879,13.330202381095667,-3.518708585646877,3.518708585646877
A_contemporaneo,con_latitud_longitud,Regresion lineal,BARRIOS UNIDOS,2024,6,10.20066992022187,12.876559278736881,-2.675889358515011,2.675889358515011
A_contemporaneo,con_latitud_longitud,Regresion lineal,BOSA,2024,6,8.997251669745628,12.203495147313912,-3.206243477568284,3.206243477568284
A_contemporaneo,con_latitud_longitud,Regresion lineal,CHAPINERO,2024,6,10.61109833409995,14.149192484429344,-3.5380941503293943,3.5380941503293943
A_contemporaneo,con_latitud_longitud,Regresion lineal,CIUDAD BOLIVAR,2024,6,10.14348267640046,13.146071903387636,-3.002589226987176,3.002589226987176
A_contemporaneo,con_latitud_longitud,Regresion lineal,ENGATIVA,2024,6,9.235609584001999,12.57648743244682,-3.340877848444821,3.340877848444821
A_contemporaneo,con_latitud_longitud,Regresion lineal,FONTIBON,2024,6,12.082004841951397,12.122500622692694,-0.04049578074129734,0.04049578074129734
A_contemporaneo,con_latitud_longitud,Regresion lineal,KENNEDY,2024,6,9.600109695033964,13.049378746300391,-3.449269051266427,3.449269051266427
A_contemporaneo,con_latitud_longitud,Regresion lineal,LA CANDELARIA,2024,6,15.829005221214626,13.464298643160294,2.3647065780543315,2.3647065780543315
A_contemporaneo,con_latitud_longitud,Regresion lineal,LOS MARTIRES,2024,6,10.10764465259663,13.460531471000197,-3.352886818403567,3.352886818403567
A_contemporaneo,con_latitud_longitud,Regresion lineal,PUENTE ARANDA,2024,6,14.139061981000458,12.906802668972958,1.2322593120274998,1.2322593120274998
A_contemporaneo,con_latitud_longitud,Regresion lineal,RAFAEL URIBE URIBE,2024,6,10.04483560278977,13.429068551096476,-3.384232948306707,3.384232948306707
A_contemporaneo,con_latitud_longitud,Regresion lineal,SAN CRISTOBAL,2024,6,9.908718036725588,13.578997342079823,-3.670279305354235,3.670279305354235
A_contemporaneo,con_latitud_longitud,Regresion lineal,SANTA FE,2024,6,10.44112962189263,13.33878700319977,-2.8976573813071393,2.8976573813071393
A_contemporaneo,con_latitud_longitud,Regresion lineal,SUBA,2024,6,9.272173625384362,10.383292261366124,-1.1111186359817626,1.1111186359817626
A_contemporaneo,con_latitud_longitud,Regresion lineal,TEUSAQUILLO,2024,6,9.808223551785886,12.85222603936521,-3.0440024875793235,3.0440024875793235
A_contemporaneo,con_latitud_longitud,Regresion lineal,TUNJUELITO,2024,6,12.702144537447339,13.313119709560402,-0.6109751721130632,0.6109751721130632
A_contemporaneo,con_latitud_longitud,Regresion lineal,USAQUEN,2024,6,9.56027872124374,13.654887849113189,-4.0946091278694485,4.0946091278694485
A_contemporaneo,con_latitud_longitud,Regresion lineal,USME,2024,6,9.373461318051577,13.506543331934031,-4.133082013882454,4.133082013882454
A_contemporaneo,con_latitud_longitud,Ridge,ANTONIO NARINO,2024,1,11.036871238576422,11.71639041185093,-0.6795191732745085,0.6795191732745085
A_contemporaneo,con_latitud_longitud,Ridge,BARRIOS UNIDOS,2024,1,11.25153172266218,11.507995196249166,-0.25646347358698485,0.25646347358698485
A_contemporaneo,con_latitud_longitud,Ridge,BOSA,2024,1,9.622822534790625,11.89448977056213,-2.2716672357715044,2.2716672357715044
A_contemporaneo,con_latitud_longitud,Ridge,CHAPINERO,2024,1,11.412329843723242,11.564238892006145,-0.15190904828290286,0.15190904828290286
A_contemporaneo,con_latitud_longitud,Ridge,CIUDAD BOLIVAR,2024,1,10.86909424091507,11.937817755525689,-1.0687235146106193,1.0687235146106193
A_contemporaneo,con_latitud_longitud,Ridge,ENGATIVA,2024,1,10.204748104244752,11.529581881956215,-1.3248337777114632,1.3248337777114632
A_contemporaneo,con_latitud_longitud,Ridge,FONTIBON,2024,1,12.928098908909138,11.551392711615131,1.3767061972940073,1.3767061972940073
A_contemporaneo,con_latitud_longitud,Ridge,KENNEDY,2024,1,10.406741061261672,11.697291865461942,-1.2905508042002705,1.2905508042002705
A_contemporaneo,con_latitud_longitud,Ridge,LA CANDELARIA,2024,1,18.423087506879465,11.736796634521834,6.686290872357631,6.686290872357631
A_contemporaneo,con_latitud_longitud,Ridge,LOS MARTIRES,2024,1,11.441326930923008,11.730041396140447,-0.2887144652174385,0.2887144652174385
A_contemporaneo,con_latitud_longitud,Ridge,PUENTE ARANDA,2024,1,14.178904741778142,11.696731900133585,2.482172841644557,2.482172841644557
A_contemporaneo,con_latitud_longitud,Ridge,RAFAEL URIBE URIBE,2024,1,11.253094542194068,11.762431215293287,-0.5093366730992184,0.5093366730992184
A_contemporaneo,con_latitud_longitud,Ridge,SAN CRISTOBAL,2024,1,10.785881142090602,11.753413312983135,-0.9675321708925324,0.9675321708925324
A_contemporaneo,con_latitud_longitud,Ridge,SANTA FE,2024,1,11.30923158312392,11.716248695954631,-0.4070171128307116,0.4070171128307116
A_contemporaneo,con_latitud_longitud,Ridge,SUBA,2024,1,9.98751316755734,11.320197331587597,-1.3326841640302565,1.3326841640302565
A_contemporaneo,con_latitud_longitud,Ridge,SUMAPAZ,2024,1,20.0,12.81123975789724,7.188760242102759,7.188760242102759
A_contemporaneo,con_latitud_longitud,Ridge,TEUSAQUILLO,2024,1,10.69041653176424,11.621709849670031,-0.9312933179057907,0.9312933179057907
A_contemporaneo,con_latitud_longitud,Ridge,TUNJUELITO,2024,1,14.104897409838772,11.772437451583752,2.3324599582550203,2.3324599582550203
A_contemporaneo,con_latitud_longitud,Ridge,USAQUEN,2024,1,10.737109616915863,11.436531659338074,-0.6994220424222117,0.6994220424222117
A_contemporaneo,con_latitud_longitud,Ridge,USME,2024,1,10.264386478256728,11.92043649766304,-1.6560500194063117,1.6560500194063117
A_contemporaneo,con_latitud_longitud,Ridge,ANTONIO NARINO,2024,2,10.889080523719448,11.71352693395423,-0.8244464102347813,0.8244464102347813
A_contemporaneo,con_latitud_longitud,Ridge,BARRIOS UNIDOS,2024,2,10.732379174069107,11.505178644805207,-0.7727994707360999,0.7727994707360999
A_contemporaneo,con_latitud_longitud,Ridge,BOSA,2024,2,9.56465808490901,11.891586188236376,-2.3269281033273668,2.3269281033273668
A_contemporaneo,con_latitud_longitud,Ridge,CHAPINERO,2024,2,10.685633359876622,11.59139407796391,-0.9057607180872882,0.9057607180872882
A_contemporaneo,con_latitud_longitud,Ridge,CIUDAD BOLIVAR,2024,2,11.000483769710852,11.934904416600519,-0.9344206468896665,0.9344206468896665
A_contemporaneo,con_latitud_longitud,Ridge,ENGATIVA,2024,2,10.377497586137912,11.526760469620497,-1.149262883482585,1.149262883482585
A_contemporaneo,con_latitud_longitud,Ridge,FONTIBON,2024,2,12.389308019568649,11.54856638791489,0.8407416316537581,0.8407416316537581
A_contemporaneo,con_latitud_longitud,Ridge,KENNEDY,2024,2,10.28940351933042,11.694432688177573,-1.4050291688471521,1.4050291688471521
A_contemporaneo,con_latitud_longitud,Ridge,LA CANDELARIA,2024,2,16.849002064693735,11.733928561550146,5.11507350314359,5.11507350314359
A_contemporaneo,con_latitud_longitud,Ridge,LOS MARTIRES,2024,2,11.310064985541493,11.727174844313923,-0.4171098587724309,0.4171098587724309
A_contemporaneo,con_latitud_longitud,Ridge,PUENTE ARANDA,2024,2,15.125420386553035,11.693872848942265,3.4315475376107702,3.4315475376107702
A_contemporaneo,con_latitud_longitud,Ridge,RAFAEL URIBE URIBE,2024,2,11.28338404719874,11.759557369924474,-0.47617332272573343,0.47617332272573343
A_contemporaneo,con_latitud_longitud,Ridge,SAN CRISTOBAL,2024,2,10.964617431033478,11.750541498266342,-0.7859240672328642,0.7859240672328642
A_contemporaneo,con_latitud_longitud,Ridge,SANTA FE,2024,2,10.92882072977261,11.713385249969532,-0.7845645201969216,0.7845645201969216
A_contemporaneo,con_latitud_longitud,Ridge,SUBA,2024,2,9.902885856283806,11.29094387668951,-1.3880580204057047,1.3880580204057047
A_contemporaneo,con_latitud_longitud,Ridge,SUMAPAZ,2024,2,22.0,12.809508559252436,9.190491440747564,9.190491440747564
A_contemporaneo,con_latitud_longitud,Ridge,TEUSAQUILLO,2024,2,10.09315592024842,11.618867691950546,-1.5257117717021274,1.5257117717021274
A_contemporaneo,con_latitud_longitud,Ridge,TUNJUELITO,2024,2,14.007601536772784,11.769561353009784,2.2380401837629993,2.2380401837629993
A_contemporaneo,con_latitud_longitud,Ridge,USAQUEN,2024,2,10.476219089234203,11.46341083067362,-0.9871917414394176,0.9871917414394176
A_contemporaneo,con_latitud_longitud,Ridge,USME,2024,2,10.271404333072303,11.91752707265103,-1.6461227395787272,1.6461227395787272
A_contemporaneo,con_latitud_longitud,Ridge,ANTONIO NARINO,2024,3,10.693898255063273,11.702606277506916,-1.0087080224436438,1.0087080224436438
A_contemporaneo,con_latitud_longitud,Ridge,BARRIOS UNIDOS,2024,3,11.02788996142492,11.494436955225153,-0.46654699380023246,0.46654699380023246
A_contemporaneo,con_latitud_longitud,Ridge,BOSA,2024,3,9.598112473466493,11.880512582575726,-2.2824001091092327,2.2824001091092327
A_contemporaneo,con_latitud_longitud,Ridge,CHAPINERO,2024,3,11.40855222784479,11.627412160017489,-0.21885993217269828,0.21885993217269828
A_contemporaneo,con_latitud_longitud,Ridge,CIUDAD BOLIVAR,2024,3,10.955546303324171,11.923793601478458,-0.9682472981542869,0.9682472981542869
A_contemporaneo,con_latitud_longitud,Ridge,ENGATIVA,2024,3,10.21859162616628,11.516000241699702,-1.2974086155334223,1.2974086155334223
A_contemporaneo,con_latitud_longitud,Ridge,FONTIBON,2024,3,12.81182344484594,11.537787429161696,1.2740360156842438,1.2740360156842438
A_contemporaneo,con_latitud_longitud,Ridge,KENNEDY,2024,3,10.389192950878,11.683528433292103,-1.2943354824141036,1.2943354824141036
A_contemporaneo,con_latitud_longitud,Ridge,LA CANDELARIA,2024,3,16.733420473307653,11.722990380527065,5.010430092780588,5.010430092780588
A_contemporaneo,con_latitud_longitud,Ridge,LOS MARTIRES,2024,3,11.137340850655182,11.716242464594144,-0.578901613938962,0.578901613938962
A_contemporaneo,con_latitud_longitud,Ridge,PUENTE ARANDA,2024,3,15.21598083314425,11.682969074947108,3.5330117581971425,3.5330117581971425
A_contemporaneo,con_latitud_longitud,Ridge,RAFAEL URIBE URIBE,2024,3,11.13446700214009,11.748597174285562,-0.6141301721454724,0.6141301721454724
A_contemporaneo,con_latitud_longitud,Ridge,SAN CRISTOBAL,2024,3,10.68659660618086,11.739589047074542,-1.0529924408936822,1.0529924408936822
A_contemporaneo,con_latitud_longitud,Ridge,SANTA FE,2024,3,11.192153289491062,11.70246471522583,-0.5103114257347681,0.5103114257347681
A_contemporaneo,con_latitud_longitud,Ridge,SUBA,2024,3,9.985130365416556,11.288742640576018,-1.3036122751594625,1.3036122751594625
A_contemporaneo,con_latitud_longitud,Ridge,SUMAPAZ,2024,3,18.999999999999996,12.770427403733473,6.229572596266523,6.229572596266523
A_contemporaneo,con_latitud_longitud,Ridge,TEUSAQUILLO,2024,3,10.537467935689149,11.608028345832526,-1.0705604101433774,1.0705604101433774
A_contemporaneo,con_latitud_longitud,Ridge,TUNJUELITO,2024,3,13.981570293231018,11.758592564156498,2.22297772907452,2.22297772907452
A_contemporaneo,con_latitud_longitud,Ridge,USAQUEN,2024,3,10.24685452017917,11.499062812589768,-1.2522082924105984,1.2522082924105984
A_contemporaneo,con_latitud_longitud,Ridge,USME,2024,3,10.124127025183999,11.906431184307683,-1.7823041591236848,1.7823041591236848
A_contemporaneo,con_latitud_longitud,Ridge,ANTONIO NARINO,2024,4,9.244175038934863,11.370670835416174,-2.1264957964813114,2.1264957964813114
A_contemporaneo,con_latitud_longitud,Ridge,BARRIOS UNIDOS,2024,4,10.13724497178411,11.167941245305249,-1.030696273521139,1.030696273521139
A_contemporaneo,con_latitud_longitud,Ridge,BOSA,2024,4,8.986675792835955,11.543928219882893,-2.5572524270469383,2.5572524270469383
A_contemporaneo,con_latitud_longitud,Ridge,CHAPINERO,2024,4,10.26520185493747,11.284780183467724,-1.0195783285302547,1.0195783285302547
A_contemporaneo,con_latitud_longitud,Ridge,CIUDAD BOLIVAR,2024,4,9.948590859516646,11.586078250086945,-1.6374873905702998,1.6374873905702998
A_contemporaneo,con_latitud_longitud,Ridge,ENGATIVA,2024,4,9.573945290382813,11.188941055366179,-1.614995764983366,1.614995764983366
A_contemporaneo,con_latitud_longitud,Ridge,FONTIBON,2024,4,11.771533605358382,11.210158915593738,0.5613746897646443,0.5613746897646443
A_contemporaneo,con_latitud_longitud,Ridge,KENNEDY,2024,4,9.60987653031743,11.352091519811566,-1.7422149894941352,1.7422149894941352
A_contemporaneo,con_latitud_longitud,Ridge,LA CANDELARIA,2024,4,15.611233328750167,11.390522275603216,4.220711053146951,4.220711053146951
A_contemporaneo,con_latitud_longitud,Ridge,LOS MARTIRES,2024,4,10.341960584029321,11.38395069139383,-1.0419901073645086,1.0419901073645086
A_contemporaneo,con_latitud_longitud,Ridge,PUENTE ARANDA,2024,4,14.376812441534142,11.351546778219658,3.0252656633144834,3.0252656633144834
A_contemporaneo,con_latitud_longitud,Ridge,RAFAEL URIBE URIBE,2024,4,10.20627413127413,11.415459930901374,-1.2091857996272442,1.2091857996272442
A_contemporaneo,con_latitud_longitud,Ridge,SAN CRISTOBAL,2024,4,10.02104904936178,11.40668719764203,-1.3856381482802504,1.3856381482802504
A_contemporaneo,con_latitud_longitud,Ridge,SANTA FE,2024,4,10.32593501081395,11.370532972339586,-1.0445979615256356,1.0445979615256356
A_contemporaneo,con_latitud_longitud,Ridge,SUBA,2024,4,9.056744624659656,11.050696227828448,-1.9939516031687923,1.9939516031687923
A_contemporaneo,con_latitud_longitud,Ridge,TEUSAQUILLO,2024,4,9.62754204145483,11.278564346757213,-1.6510223053023818,1.6510223053023818
A_contemporaneo,con_latitud_longitud,Ridge,TUNJUELITO,2024,4,12.61263666412408,11.425194128377363,1.187442535746717,1.187442535746717
A_contemporaneo,con_latitud_longitud,Ridge,USAQUEN,2024,4,9.978706683631463,11.15991346494613,-1.1812067813146658,1.1812067813146658
A_contemporaneo,con_latitud_longitud,Ridge,USME,2024,4,9.576611452188043,11.569169535211069,-1.9925580830230256,1.9925580830230256
A_contemporaneo,con_latitud_longitud,Ridge,ANTONIO NARINO,2024,5,8.814745075318656,11.470677196991568,-2.6559321216729117,2.6559321216729117
A_contemporaneo,con_latitud_longitud,Ridge,BARRIOS UNIDOS,2024,5,9.724489795918366,11.266308710416547,-1.5418189144981813,1.5418189144981813
A_contemporaneo,con_latitud_longitud,Ridge,BOSA,2024,5,8.627833355159394,11.645335220184117,-3.017501865024723,3.017501865024723
A_contemporaneo,con_latitud_longitud,Ridge,CHAPINERO,2024,5,10.015843023255812,11.383364297758142,-1.3675212745023302,1.3675212745023302
A_contemporaneo,con_latitud_longitud,Ridge,CIUDAD BOLIVAR,2024,5,9.012294659957577,11.687825997564866,-2.675531337607289,2.675531337607289
A_contemporaneo,con_latitud_longitud,Ridge,ENGATIVA,2024,5,8.938284004793475,11.287478286096974,-2.3491942813034985,2.3491942813034985
A_contemporaneo,con_latitud_longitud,Ridge,FONTIBON,2024,5,11.564809522720859,11.30886767469434,0.2559418480265183,0.2559418480265183
A_contemporaneo,con_latitud_longitud,Ridge,KENNEDY,2024,5,9.386469851469174,11.451947683408303,-2.0654778319391287,2.0654778319391287
A_contemporaneo,con_latitud_longitud,Ridge,LA CANDELARIA,2024,5,11.609347826086962,11.490689119203518,0.11865870688344415,0.11865870688344415
A_contemporaneo,con_latitud_longitud,Ridge,LOS MARTIRES,2024,5,8.996991706867583,11.484064409320084,-2.487072702452501,2.487072702452501
A_contemporaneo,con_latitud_longitud,Ridge,PUENTE ARANDA,2024,5,13.672493614303958,11.45139853804352,2.221095076260438,2.221095076260438
A_contemporaneo,con_latitud_longitud,Ridge,RAFAEL URIBE URIBE,2024,5,9.643767754451602,11.515828374253683,-1.872060619802081,1.872060619802081
A_contemporaneo,con_latitud_longitud,Ridge,SAN CRISTOBAL,2024,5,8.892466507714186,11.506984720900677,-2.614518213186491,2.614518213186491
A_contemporaneo,con_latitud_longitud,Ridge,SANTA FE,2024,5,10.029968744254461,11.470538219409157,-1.440569475154696,1.440569475154696
A_contemporaneo,con_latitud_longitud,Ridge,SUBA,2024,5,8.851618714825339,11.10554640999616,-2.2539276951708214,2.2539276951708214
A_contemporaneo,con_latitud_longitud,Ridge,TEUSAQUILLO,2024,5,9.34373867216909,11.377826105640416,-2.034087433471326,2.034087433471326
A_contemporaneo,con_latitud_longitud,Ridge,TUNJUELITO,2024,5,11.547917464834978,11.52564126444452,0.022276200390457745,0.022276200390457745
A_contemporaneo,con_latitud_longitud,Ridge,USAQUEN,2024,5,9.230260446354189,11.257495536492113,-2.027235090137925,2.027235090137925
A_contemporaneo,con_latitud_longitud,Ridge,USME,2024,5,9.110767020970984,11.670780590097607,-2.560013569126623,2.560013569126623
A_contemporaneo,con_latitud_longitud,Ridge,ANTONIO NARINO,2024,6,9.81149379544879,11.711594792364423,-1.9001009969156328,1.9001009969156328
A_contemporaneo,con_latitud_longitud,Ridge,BARRIOS UNIDOS,2024,6,10.20066992022187,11.503278167001277,-1.302608246779407,1.302608246779407
A_contemporaneo,con_latitud_longitud,Ridge,BOSA,2024,6,8.997251669745628,11.889626986044705,-2.892375316299077,2.892375316299077
A_contemporaneo,con_latitud_longitud,Ridge,CHAPINERO,2024,6,10.61109833409995,11.664192045925281,-1.0530937118253316,1.0530937118253316
A_contemporaneo,con_latitud_longitud,Ridge,CIUDAD BOLIVAR,2024,6,10.14348267640046,11.932938631109733,-1.7894559547092737,1.7894559547092737
A_contemporaneo,con_latitud_longitud,Ridge,ENGATIVA,2024,6,9.235609584001999,11.52485671191308,-2.2892471279110804,2.2892471279110804
A_contemporaneo,con_latitud_longitud,Ridge,FONTIBON,2024,6,12.082004841951397,11.546659316247327,0.53534552570407,0.53534552570407
A_contemporaneo,con_latitud_longitud,Ridge,KENNEDY,2024,6,9.600109695033964,11.692503448440776,-2.092393753406812,2.092393753406812
A_contemporaneo,con_latitud_longitud,Ridge,LA CANDELARIA,2024,6,15.829005221214626,11.73199331941763,4.097011901796996,4.097011901796996
A_contemporaneo,con_latitud_longitud,Ridge,LOS MARTIRES,2024,6,10.10764465259663,11.725240628579355,-1.6175959759827254,1.6175959759827254
A_contemporaneo,con_latitud_longitud,Ridge,PUENTE ARANDA,2024,6,14.139061981000458,11.691943694287176,2.447118286713282,2.447118286713282
A_contemporaneo,con_latitud_longitud,Ridge,RAFAEL URIBE URIBE,2024,6,10.04483560278977,11.757618232847085,-1.7127826300573155,1.7127826300573155
A_contemporaneo,con_latitud_longitud,Ridge,SAN CRISTOBAL,2024,6,9.908718036725588,11.748603731378417,-1.8398856946528284,1.8398856946528284
A_contemporaneo,con_latitud_longitud,Ridge,SANTA FE,2024,6,10.44112962189263,11.711453129912181,-1.2703235080195512,1.2703235080195512
A_contemporaneo,con_latitud_longitud,Ridge,SUBA,2024,6,9.272173625384362,11.265427224379918,-1.9932535989955564,1.9932535989955564
A_contemporaneo,con_latitud_longitud,Ridge,TEUSAQUILLO,2024,6,9.808223551785886,11.616949936223861,-1.8087263844379748,1.8087263844379748
A_contemporaneo,con_latitud_longitud,Ridge,TUNJUELITO,2024,6,12.702144537447339,11.767620695574447,0.9345238418728918,0.9345238418728918
A_contemporaneo,con_latitud_longitud,Ridge,USAQUEN,2024,6,9.56027872124374,11.535468855124517,-1.9751901338807762,1.9751901338807762
A_contemporaneo,con_latitud_longitud,Ridge,USME,2024,6,9.373461318051577,11.915563928086643,-2.542102610035066,2.542102610035066
A_contemporaneo,con_latitud_longitud,XGBoost,ANTONIO NARINO,2024,1,11.036871238576422,11.109701156616211,-0.07282991803978867,0.07282991803978867
A_contemporaneo,con_latitud_longitud,XGBoost,BARRIOS UNIDOS,2024,1,11.25153172266218,11.624999046325684,-0.3734673236635029,0.3734673236635029
A_contemporaneo,con_latitud_longitud,XGBoost,BOSA,2024,1,9.622822534790625,9.636669158935547,-0.013846624144921549,0.013846624144921549
A_contemporaneo,con_latitud_longitud,XGBoost,CHAPINERO,2024,1,11.412329843723242,11.43698501586914,-0.02465517214589852,0.02465517214589852
A_contemporaneo,con_latitud_longitud,XGBoost,CIUDAD BOLIVAR,2024,1,10.86909424091507,10.791131019592285,0.07796322132278455,0.07796322132278455
A_contemporaneo,con_latitud_longitud,XGBoost,ENGATIVA,2024,1,10.204748104244752,10.272078514099121,-0.06733040985436922,0.06733040985436922
A_contemporaneo,con_latitud_longitud,XGBoost,FONTIBON,2024,1,12.928098908909138,13.235923767089844,-0.30782485818070526,0.30782485818070526
A_contemporaneo,con_latitud_longitud,XGBoost,KENNEDY,2024,1,10.406741061261672,10.508377075195312,-0.10163601393364097,0.10163601393364097
A_contemporaneo,con_latitud_longitud,XGBoost,LA CANDELARIA,2024,1,18.423087506879465,17.1418514251709,1.2812360817085668,1.2812360817085668
A_contemporaneo,con_latitud_longitud,XGBoost,LOS MARTIRES,2024,1,11.441326930923008,11.882429122924805,-0.44110219200179657,0.44110219200179657
A_contemporaneo,con_latitud_longitud,XGBoost,PUENTE ARANDA,2024,1,14.178904741778142,16.54439353942871,-2.3654887976505687,2.3654887976505687
A_contemporaneo,con_latitud_longitud,XGBoost,RAFAEL URIBE URIBE,2024,1,11.253094542194068,11.415555953979492,-0.16246141178542395,0.16246141178542395
A_contemporaneo,con_latitud_longitud,XGBoost,SAN CRISTOBAL,2024,1,10.785881142090602,11.205840110778809,-0.41995896868820637,0.41995896868820637
A_contemporaneo,con_latitud_longitud,XGBoost,SANTA FE,2024,1,11.30923158312392,11.187023162841797,0.12220842028212253,0.12220842028212253
A_contemporaneo,con_latitud_longitud,XGBoost,SUBA,2024,1,9.98751316755734,10.266580581665039,-0.27906741410769875,0.27906741410769875
A_contemporaneo,con_latitud_longitud,XGBoost,SUMAPAZ,2024,1,20.0,11.638747215270996,8.361252784729004,8.361252784729004
A_contemporaneo,con_latitud_longitud,XGBoost,TEUSAQUILLO,2024,1,10.69041653176424,10.705291748046875,-0.01487521628263444,0.01487521628263444
A_contemporaneo,con_latitud_longitud,XGBoost,TUNJUELITO,2024,1,14.104897409838772,14.415243148803711,-0.3103457389649389,0.3103457389649389
A_contemporaneo,con_latitud_longitud,XGBoost,USAQUEN,2024,1,10.737109616915863,10.959453582763672,-0.22234396584780924,0.22234396584780924
A_contemporaneo,con_latitud_longitud,XGBoost,USME,2024,1,10.264386478256728,10.237950325012207,0.02643615324452142,0.02643615324452142
A_contemporaneo,con_latitud_longitud,XGBoost,ANTONIO NARINO,2024,2,10.889080523719448,11.040190696716309,-0.15111017299686047,0.15111017299686047
A_contemporaneo,con_latitud_longitud,XGBoost,BARRIOS UNIDOS,2024,2,10.732379174069107,11.477091789245605,-0.744712615176498,0.744712615176498
A_contemporaneo,con_latitud_longitud,XGBoost,BOSA,2024,2,9.56465808490901,9.63464069366455,-0.06998260875554152,0.06998260875554152
A_contemporaneo,con_latitud_longitud,XGBoost,CHAPINERO,2024,2,10.685633359876622,11.432535171508789,-0.7469018116321671,0.7469018116321671
A_contemporaneo,con_latitud_longitud,XGBoost,CIUDAD BOLIVAR,2024,2,11.000483769710852,10.79053783416748,0.20994593554337193,0.20994593554337193
A_contemporaneo,con_latitud_longitud,XGBoost,ENGATIVA,2024,2,10.377497586137912,10.226815223693848,0.15068236244406386,0.15068236244406386
A_contemporaneo,con_latitud_longitud,XGBoost,FONTIBON,2024,2,12.389308019568649,13.138906478881836,-0.7495984593131872,0.7495984593131872
A_contemporaneo,con_latitud_longitud,XGBoost,KENNEDY,2024,2,10.28940351933042,10.468692779541016,-0.1792892602105951,0.1792892602105951
A_contemporaneo,con_latitud_longitud,XGBoost,LA CANDELARIA,2024,2,16.849002064693735,17.10630226135254,-0.25730019665880377,0.25730019665880377
A_contemporaneo,con_latitud_longitud,XGBoost,LOS MARTIRES,2024,2,11.310064985541493,11.832640647888184,-0.5225756623466911,0.5225756623466911
A_contemporaneo,con_latitud_longitud,XGBoost,PUENTE ARANDA,2024,2,15.125420386553035,16.415691375732422,-1.2902709891793869,1.2902709891793869
A_contemporaneo,con_latitud_longitud,XGBoost,RAFAEL URIBE URIBE,2024,2,11.28338404719874,11.39404296875,-0.11065892155125923,0.11065892155125923
A_contemporaneo,con_latitud_longitud,XGBoost,SAN CRISTOBAL,2024,2,10.964617431033478,11.164310455322266,-0.19969302428878777,0.19969302428878777
A_contemporaneo,con_latitud_longitud,XGBoost,SANTA FE,2024,2,10.92882072977261,11.107270240783691,-0.17844951101108109,0.17844951101108109
A_contemporaneo,con_latitud_longitud,XGBoost,SUBA,2024,2,9.902885856283806,10.146708488464355,-0.24382263218054945,0.24382263218054945
A_contemporaneo,con_latitud_longitud,XGBoost,SUMAPAZ,2024,2,22.0,12.455438613891602,9.544561386108398,9.544561386108398
A_contemporaneo,con_latitud_longitud,XGBoost,TEUSAQUILLO,2024,2,10.09315592024842,10.593423843383789,-0.5002679231353699,0.5002679231353699
A_contemporaneo,con_latitud_longitud,XGBoost,TUNJUELITO,2024,2,14.007601536772784,14.278817176818848,-0.2712156400460639,0.2712156400460639
A_contemporaneo,con_latitud_longitud,XGBoost,USAQUEN,2024,2,10.476219089234203,11.06618881225586,-0.5899697230216567,0.5899697230216567
A_contemporaneo,con_latitud_longitud,XGBoost,USME,2024,2,10.271404333072303,10.226512908935547,0.04489142413675573,0.04489142413675573
A_contemporaneo,con_latitud_longitud,XGBoost,ANTONIO NARINO,2024,3,10.693898255063273,11.407527923583984,-0.7136296685207117,0.7136296685207117
A_contemporaneo,con_latitud_longitud,XGBoost,BARRIOS UNIDOS,2024,3,11.02788996142492,11.651927947998047,-0.6240379865731267,0.6240379865731267
A_contemporaneo,con_latitud_longitud,XGBoost,BOSA,2024,3,9.598112473466493,9.47215747833252,0.12595499513397357,0.12595499513397357
A_contemporaneo,con_latitud_longitud,XGBoost,CHAPINERO,2024,3,11.40855222784479,11.394513130187988,0.014039097656802113,0.014039097656802113
A_contemporaneo,con_latitud_longitud,XGBoost,CIUDAD BOLIVAR,2024,3,10.955546303324171,10.711039543151855,0.24450676017231565,0.24450676017231565
A_contemporaneo,con_latitud_longitud,XGBoost,ENGATIVA,2024,3,10.21859162616628,10.315829277038574,-0.09723765087229452,0.09723765087229452
A_contemporaneo,con_latitud_longitud,XGBoost,FONTIBON,2024,3,12.81182344484594,13.229734420776367,-0.41791097593042714,0.41791097593042714
A_contemporaneo,con_latitud_longitud,XGBoost,KENNEDY,2024,3,10.389192950878,10.769829750061035,-0.3806367991830353,0.3806367991830353
A_contemporaneo,con_latitud_longitud,XGBoost,LA CANDELARIA,2024,3,16.733420473307653,19.18124771118164,-2.4478272378739874,2.4478272378739874
A_contemporaneo,con_latitud_longitud,XGBoost,LOS MARTIRES,2024,3,11.137340850655182,12.119726181030273,-0.9823853303750916,0.9823853303750916
A_contemporaneo,con_latitud_longitud,XGBoost,PUENTE ARANDA,2024,3,15.21598083314425,16.568470001220703,-1.3524891680764526,1.3524891680764526
A_contemporaneo,con_latitud_longitud,XGBoost,RAFAEL URIBE URIBE,2024,3,11.13446700214009,11.6531982421875,-0.5187312400474102,0.5187312400474102
A_contemporaneo,con_latitud_longitud,XGBoost,SAN CRISTOBAL,2024,3,10.68659660618086,11.126021385192871,-0.43942477901201116,0.43942477901201116
A_contemporaneo,con_latitud_longitud,XGBoost,SANTA FE,2024,3,11.192153289491062,11.664002418518066,-0.4718491290270048,0.4718491290270048
A_contemporaneo,con_latitud_longitud,XGBoost,SUBA,2024,3,9.985130365416556,10.36939811706543,-0.38426775164887417,0.38426775164887417
A_contemporaneo,con_latitud_longitud,XGBoost,SUMAPAZ,2024,3,18.999999999999996,6.809844970703125,12.190155029296871,12.190155029296871
A_contemporaneo,con_latitud_longitud,XGBoost,TEUSAQUILLO,2024,3,10.537467935689149,10.844860076904297,-0.30739214121514813,0.30739214121514813
A_contemporaneo,con_latitud_longitud,XGBoost,TUNJUELITO,2024,3,13.981570293231018,15.25432014465332,-1.2727498514223026,1.2727498514223026
A_contemporaneo,con_latitud_longitud,XGBoost,USAQUEN,2024,3,10.24685452017917,10.752999305725098,-0.5061447855459278,0.5061447855459278
A_contemporaneo,con_latitud_longitud,XGBoost,USME,2024,3,10.124127025183999,10.100834846496582,0.02329217868741651,0.02329217868741651
A_contemporaneo,con_latitud_longitud,XGBoost,ANTONIO NARINO,2024,4,9.244175038934863,10.910928726196289,-1.6667536872614264,1.6667536872614264
A_contemporaneo,con_latitud_longitud,XGBoost,BARRIOS UNIDOS,2024,4,10.13724497178411,11.280973434448242,-1.1437284626641322,1.1437284626641322
A_contemporaneo,con_latitud_longitud,XGBoost,BOSA,2024,4,8.986675792835955,9.501543045043945,-0.5148672522079902,0.5148672522079902
A_contemporaneo,con_latitud_longitud,XGBoost,CHAPINERO,2024,4,10.26520185493747,11.555400848388672,-1.2901989934512024,1.2901989934512024
A_contemporaneo,con_latitud_longitud,XGBoost,CIUDAD BOLIVAR,2024,4,9.948590859516646,10.665165901184082,-0.7165750416674364,0.7165750416674364
A_contemporaneo,con_latitud_longitud,XGBoost,ENGATIVA,2024,4,9.573945290382813,10.081188201904297,-0.5072429115214838,0.5072429115214838
A_contemporaneo,con_latitud_longitud,XGBoost,FONTIBON,2024,4,11.771533605358382,12.708342552185059,-0.9368089468266767,0.9368089468266767
A_contemporaneo,con_latitud_longitud,XGBoost,KENNEDY,2024,4,9.60987653031743,10.362268447875977,-0.7523919175585458,0.7523919175585458
A_contemporaneo,con_latitud_longitud,XGBoost,LA CANDELARIA,2024,4,15.611233328750167,17.56545066833496,-1.954217339584794,1.954217339584794
A_contemporaneo,con_latitud_longitud,XGBoost,LOS MARTIRES,2024,4,10.341960584029321,11.563776016235352,-1.2218154322060304,1.2218154322060304
A_contemporaneo,con_latitud_longitud,XGBoost,PUENTE ARANDA,2024,4,14.376812441534142,15.834218978881836,-1.457406537347694,1.457406537347694
A_contemporaneo,con_latitud_longitud,XGBoost,RAFAEL URIBE URIBE,2024,4,10.20627413127413,11.18772029876709,-0.98144616749296,0.98144616749296
A_contemporaneo,con_latitud_longitud,XGBoost,SAN CRISTOBAL,2024,4,10.02104904936178,11.021818161010742,-1.000769111648962,1.000769111648962
A_contemporaneo,con_latitud_longitud,XGBoost,SANTA FE,2024,4,10.32593501081395,11.302186965942383,-0.9762519551284328,0.9762519551284328
A_contemporaneo,con_latitud_longitud,XGBoost,SUBA,2024,4,9.056744624659656,10.14761734008789,-1.090872715428235,1.090872715428235
A_contemporaneo,con_latitud_longitud,XGBoost,TEUSAQUILLO,2024,4,9.62754204145483,10.441133499145508,-0.8135914576906771,0.8135914576906771
A_contemporaneo,con_latitud_longitud,XGBoost,TUNJUELITO,2024,4,12.61263666412408,14.149148941040039,-1.5365122769159587,1.5365122769159587
A_contemporaneo,con_latitud_longitud,XGBoost,USAQUEN,2024,4,9.978706683631463,10.877083778381348,-0.8983770947498844,0.8983770947498844
A_contemporaneo,con_latitud_longitud,XGBoost,USME,2024,4,9.576611452188043,10.152780532836914,-0.5761690806488708,0.5761690806488708
A_contemporaneo,con_latitud_longitud,XGBoost,ANTONIO NARINO,2024,5,8.814745075318656,10.934405326843262,-2.1196602515246052,2.1196602515246052
A_contemporaneo,con_latitud_longitud,XGBoost,BARRIOS UNIDOS,2024,5,9.724489795918366,11.233677864074707,-1.509188068156341,1.509188068156341
A_contemporaneo,con_latitud_longitud,XGBoost,BOSA,2024,5,8.627833355159394,9.62562370300293,-0.9977903478435355,0.9977903478435355
A_contemporaneo,con_latitud_longitud,XGBoost,CHAPINERO,2024,5,10.015843023255812,11.070988655090332,-1.0551456318345203,1.0551456318345203
A_contemporaneo,con_latitud_longitud,XGBoost,CIUDAD BOLIVAR,2024,5,9.012294659957577,10.788960456848145,-1.7766657968905673,1.7766657968905673
A_contemporaneo,con_latitud_longitud,XGBoost,ENGATIVA,2024,5,8.938284004793475,10.210600852966309,-1.2723168481728333,1.2723168481728333
A_contemporaneo,con_latitud_longitud,XGBoost,FONTIBON,2024,5,11.564809522720859,13.046554565429688,-1.4817450427088286,1.4817450427088286
A_contemporaneo,con_latitud_longitud,XGBoost,KENNEDY,2024,5,9.386469851469174,10.427762031555176,-1.0412921800860016,1.0412921800860016
A_contemporaneo,con_latitud_longitud,XGBoost,LA CANDELARIA,2024,5,11.609347826086962,16.75020980834961,-5.140861982262647,5.140861982262647
A_contemporaneo,con_latitud_longitud,XGBoost,LOS MARTIRES,2024,5,8.996991706867583,11.579343795776367,-2.5823520889087845,2.5823520889087845
A_contemporaneo,con_latitud_longitud,XGBoost,PUENTE ARANDA,2024,5,13.672493614303958,16.116506576538086,-2.444012962234128,2.444012962234128
A_contemporaneo,con_latitud_longitud,XGBoost,RAFAEL URIBE URIBE,2024,5,9.643767754451602,11.352654457092285,-1.708886702640683,1.708886702640683
A_contemporaneo,con_latitud_longitud,XGBoost,SAN CRISTOBAL,2024,5,8.892466507714186,11.130197525024414,-2.237731017310228,2.237731017310228
A_contemporaneo,con_latitud_longitud,XGBoost,SANTA FE,2024,5,10.029968744254461,11.0289888381958,-0.9990200939413398,0.9990200939413398
A_contemporaneo,con_latitud_longitud,XGBoost,SUBA,2024,5,8.851618714825339,10.141976356506348,-1.290357641681009,1.290357641681009
A_contemporaneo,con_latitud_longitud,XGBoost,TEUSAQUILLO,2024,5,9.34373867216909,10.511921882629395,-1.1681832104603043,1.1681832104603043
A_contemporaneo,con_latitud_longitud,XGBoost,TUNJUELITO,2024,5,11.547917464834978,14.189493179321289,-2.6415757144863115,2.6415757144863115
A_contemporaneo,con_latitud_longitud,XGBoost,USAQUEN,2024,5,9.230260446354189,10.737457275390625,-1.5071968290364364,1.5071968290364364
A_contemporaneo,con_latitud_longitud,XGBoost,USME,2024,5,9.110767020970984,10.246047973632812,-1.1352809526618284,1.1352809526618284
A_contemporaneo,con_latitud_longitud,XGBoost,ANTONIO NARINO,2024,6,9.81149379544879,11.169734954833984,-1.3582411593851944,1.3582411593851944
A_contemporaneo,con_latitud_longitud,XGBoost,BARRIOS UNIDOS,2024,6,10.20066992022187,11.501440048217773,-1.3007701279959036,1.3007701279959036
A_contemporaneo,con_latitud_longitud,XGBoost,BOSA,2024,6,8.997251669745628,9.600342750549316,-0.6030910808036882,0.6030910808036882
A_contemporaneo,con_latitud_longitud,XGBoost,CHAPINERO,2024,6,10.61109833409995,11.190958023071289,-0.5798596889713394,0.5798596889713394
A_contemporaneo,con_latitud_longitud,XGBoost,CIUDAD BOLIVAR,2024,6,10.14348267640046,10.777655601501465,-0.6341729251010051,0.6341729251010051
A_contemporaneo,con_latitud_longitud,XGBoost,ENGATIVA,2024,6,9.235609584001999,10.259786605834961,-1.024177021832962,1.024177021832962
A_contemporaneo,con_latitud_longitud,XGBoost,FONTIBON,2024,6,12.082004841951397,13.037358283996582,-0.955353442045185,0.955353442045185
A_contemporaneo,con_latitud_longitud,XGBoost,KENNEDY,2024,6,9.600109695033964,10.560396194458008,-0.9602864994240434,0.9602864994240434
A_contemporaneo,con_latitud_longitud,XGBoost,LA CANDELARIA,2024,6,15.829005221214626,18.210233688354492,-2.3812284671398665,2.3812284671398665
A_contemporaneo,con_latitud_longitud,XGBoost,LOS MARTIRES,2024,6,10.10764465259663,11.878934860229492,-1.7712902076328625,1.7712902076328625
A_contemporaneo,con_latitud_longitud,XGBoost,PUENTE ARANDA,2024,6,14.139061981000458,16.229928970336914,-2.0908669893364564,2.0908669893364564
A_contemporaneo,con_latitud_longitud,XGBoost,RAFAEL URIBE URIBE,2024,6,10.04483560278977,11.410608291625977,-1.3657726888362074,1.3657726888362074
A_contemporaneo,con_latitud_longitud,XGBoost,SAN CRISTOBAL,2024,6,9.908718036725588,11.136746406555176,-1.2280283698295875,1.2280283698295875
A_contemporaneo,con_latitud_longitud,XGBoost,SANTA FE,2024,6,10.44112962189263,11.394486427307129,-0.953356805414499,0.953356805414499
A_contemporaneo,con_latitud_longitud,XGBoost,SUBA,2024,6,9.272173625384362,9.283610343933105,-0.01143671854874384,0.01143671854874384
A_contemporaneo,con_latitud_longitud,XGBoost,TEUSAQUILLO,2024,6,9.808223551785886,10.62576961517334,-0.8175460633874536,0.8175460633874536
A_contemporaneo,con_latitud_longitud,XGBoost,TUNJUELITO,2024,6,12.702144537447339,14.452083587646484,-1.7499390501991456,1.7499390501991456
A_contemporaneo,con_latitud_longitud,XGBoost,USAQUEN,2024,6,9.56027872124374,10.632823944091797,-1.0725452228480563,1.0725452228480563
A_contemporaneo,con_latitud_longitud,XGBoost,USME,2024,6,9.373461318051577,10.233380317687988,-0.8599189996364114,0.8599189996364114
A_contemporaneo,sin_latitud_longitud,Regresion lineal,ANTONIO NARINO,2024,1,11.036871238576422,13.87091446930342,-2.834043230726998,2.834043230726998
A_contemporaneo,sin_latitud_longitud,Regresion lineal,BARRIOS UNIDOS,2024,1,11.25153172266218,13.87091446930342,-2.6193827466412394,2.6193827466412394
A_contemporaneo,sin_latitud_longitud,Regresion lineal,BOSA,2024,1,9.622822534790625,13.87091446930342,-4.248091934512795,4.248091934512795
A_contemporaneo,sin_latitud_longitud,Regresion lineal,CHAPINERO,2024,1,11.412329843723242,12.266713635900878,-0.8543837921776358,0.8543837921776358
A_contemporaneo,sin_latitud_longitud,Regresion lineal,CIUDAD BOLIVAR,2024,1,10.86909424091507,13.87091446930342,-3.0018202283883504,3.0018202283883504
A_contemporaneo,sin_latitud_longitud,Regresion lineal,ENGATIVA,2024,1,10.204748104244752,13.87091446930342,-3.666166365058668,3.666166365058668
A_contemporaneo,sin_latitud_longitud,Regresion lineal,FONTIBON,2024,1,12.928098908909138,13.87091446930342,-0.9428155603942816,0.9428155603942816
A_contemporaneo,sin_latitud_longitud,Regresion lineal,KENNEDY,2024,1,10.406741061261672,13.87091446930342,-3.4641734080417486,3.4641734080417486
A_contemporaneo,sin_latitud_longitud,Regresion lineal,LA CANDELARIA,2024,1,18.423087506879465,13.87091446930342,4.552173037576045,4.552173037576045
A_contemporaneo,sin_latitud_longitud,Regresion lineal,LOS MARTIRES,2024,1,11.441326930923008,13.87091446930342,-2.429587538380412,2.429587538380412
A_contemporaneo,sin_latitud_longitud,Regresion lineal,PUENTE ARANDA,2024,1,14.178904741778142,13.87091446930342,0.3079902724747221,0.3079902724747221
A_contemporaneo,sin_latitud_longitud,Regresion lineal,RAFAEL URIBE URIBE,2024,1,11.253094542194068,13.87091446930342,-2.617819927109352,2.617819927109352
A_contemporaneo,sin_latitud_longitud,Regresion lineal,SAN CRISTOBAL,2024,1,10.785881142090602,13.87091446930342,-3.085033327212818,3.085033327212818
A_contemporaneo,sin_latitud_longitud,Regresion lineal,SANTA FE,2024,1,11.30923158312392,13.87091446930342,-2.5616828861795007,2.5616828861795007
A_contemporaneo,sin_latitud_longitud,Regresion lineal,SUBA,2024,1,9.98751316755734,11.470680334213032,-1.4831671666556918,1.4831671666556918
A_contemporaneo,sin_latitud_longitud,Regresion lineal,SUMAPAZ,2024,1,20.0,17.422469588192637,2.5775304118073628,2.5775304118073628
A_contemporaneo,sin_latitud_longitud,Regresion lineal,TEUSAQUILLO,2024,1,10.69041653176424,13.87091446930342,-3.1804979375391795,3.1804979375391795
A_contemporaneo,sin_latitud_longitud,Regresion lineal,TUNJUELITO,2024,1,14.104897409838772,13.87091446930342,0.23398294053535196,0.23398294053535196
A_contemporaneo,sin_latitud_longitud,Regresion lineal,USAQUEN,2024,1,10.737109616915863,12.266713635900878,-1.5296040189850153,1.5296040189850153
A_contemporaneo,sin_latitud_longitud,Regresion lineal,USME,2024,1,10.264386478256728,13.87091446930342,-3.6065279910466916,3.6065279910466916
A_contemporaneo,sin_latitud_longitud,Regresion lineal,ANTONIO NARINO,2024,2,10.889080523719448,15.892603957159107,-5.003523433439659,5.003523433439659
A_contemporaneo,sin_latitud_longitud,Regresion lineal,BARRIOS UNIDOS,2024,2,10.732379174069107,15.892603957159107,-5.160224783089999,5.160224783089999
A_contemporaneo,sin_latitud_longitud,Regresion lineal,BOSA,2024,2,9.56465808490901,15.892603957159107,-6.327945872250098,6.327945872250098
A_contemporaneo,sin_latitud_longitud,Regresion lineal,CHAPINERO,2024,2,10.685633359876622,14.34452921619525,-3.658895856318628,3.658895856318628
A_contemporaneo,sin_latitud_longitud,Regresion lineal,CIUDAD BOLIVAR,2024,2,11.000483769710852,15.892603957159107,-4.8921201874482545,4.8921201874482545
A_contemporaneo,sin_latitud_longitud,Regresion lineal,ENGATIVA,2024,2,10.377497586137912,15.892603957159107,-5.515106371021195,5.515106371021195
A_contemporaneo,sin_latitud_longitud,Regresion lineal,FONTIBON,2024,2,12.389308019568649,15.892603957159107,-3.503295937590458,3.503295937590458
A_contemporaneo,sin_latitud_longitud,Regresion lineal,KENNEDY,2024,2,10.28940351933042,15.892603957159107,-5.603200437828686,5.603200437828686
A_contemporaneo,sin_latitud_longitud,Regresion lineal,LA CANDELARIA,2024,2,16.849002064693735,15.892603957159107,0.9563981075346284,0.9563981075346284
A_contemporaneo,sin_latitud_longitud,Regresion lineal,LOS MARTIRES,2024,2,11.310064985541493,15.892603957159107,-4.582538971617614,4.582538971617614
A_contemporaneo,sin_latitud_longitud,Regresion lineal,PUENTE ARANDA,2024,2,15.125420386553035,15.892603957159107,-0.7671835706060719,0.7671835706060719
A_contemporaneo,sin_latitud_longitud,Regresion lineal,RAFAEL URIBE URIBE,2024,2,11.28338404719874,15.892603957159107,-4.609219909960366,4.609219909960366
A_contemporaneo,sin_latitud_longitud,Regresion lineal,SAN CRISTOBAL,2024,2,10.964617431033478,15.892603957159107,-4.927986526125629,4.927986526125629
A_contemporaneo,sin_latitud_longitud,Regresion lineal,SANTA FE,2024,2,10.92882072977261,15.892603957159107,-4.963783227386497,4.963783227386497
A_contemporaneo,sin_latitud_longitud,Regresion lineal,SUBA,2024,2,9.902885856283806,13.045437344799742,-3.1425514885159362,3.1425514885159362
A_contemporaneo,sin_latitud_longitud,Regresion lineal,SUMAPAZ,2024,2,22.0,19.754637490344482,2.245362509655518,2.245362509655518
A_contemporaneo,sin_latitud_longitud,Regresion lineal,TEUSAQUILLO,2024,2,10.09315592024842,15.892603957159107,-5.799448036910688,5.799448036910688
A_contemporaneo,sin_latitud_longitud,Regresion lineal,TUNJUELITO,2024,2,14.007601536772784,15.892603957159107,-1.8850024203863232,1.8850024203863232
A_contemporaneo,sin_latitud_longitud,Regresion lineal,USAQUEN,2024,2,10.476219089234203,14.34452921619525,-3.868310126961047,3.868310126961047
A_contemporaneo,sin_latitud_longitud,Regresion lineal,USME,2024,2,10.271404333072303,15.892603957159107,-5.621199624086804,5.621199624086804
A_contemporaneo,sin_latitud_longitud,Regresion lineal,ANTONIO NARINO,2024,3,10.693898255063273,14.780462856093774,-4.086564601030501,4.086564601030501
A_contemporaneo,sin_latitud_longitud,Regresion lineal,BARRIOS UNIDOS,2024,3,11.02788996142492,14.780462856093774,-3.7525728946688535,3.7525728946688535
A_contemporaneo,sin_latitud_longitud,Regresion lineal,BOSA,2024,3,9.598112473466493,14.780462856093774,-5.1823503826272805,5.1823503826272805
A_contemporaneo,sin_latitud_longitud,Regresion lineal,CHAPINERO,2024,3,11.40855222784479,11.805954708928256,-0.397402481083466,0.397402481083466
A_contemporaneo,sin_latitud_longitud,Regresion lineal,CIUDAD BOLIVAR,2024,3,10.955546303324171,14.780462856093774,-3.8249165527696025,3.8249165527696025
A_contemporaneo,sin_latitud_longitud,Regresion lineal,ENGATIVA,2024,3,10.21859162616628,14.780462856093774,-4.561871229927494,4.561871229927494
A_contemporaneo,sin_latitud_longitud,Regresion lineal,FONTIBON,2024,3,12.81182344484594,14.780462856093774,-1.9686394112478336,1.9686394112478336
A_contemporaneo,sin_latitud_longitud,Regresion lineal,KENNEDY,2024,3,10.389192950878,14.780462856093774,-4.391269905215774,4.391269905215774
A_contemporaneo,sin_latitud_longitud,Regresion lineal,LA CANDELARIA,2024,3,16.733420473307653,14.780462856093774,1.9529576172138796,1.9529576172138796
A_contemporaneo,sin_latitud_longitud,Regresion lineal,LOS MARTIRES,2024,3,11.137340850655182,14.780462856093774,-3.6431220054385918,3.6431220054385918
A_contemporaneo,sin_latitud_longitud,Regresion lineal,PUENTE ARANDA,2024,3,15.21598083314425,14.780462856093774,0.4355179770504769,0.4355179770504769
A_contemporaneo,sin_latitud_longitud,Regresion lineal,RAFAEL URIBE URIBE,2024,3,11.13446700214009,14.780462856093774,-3.645995853953684,3.645995853953684
A_contemporaneo,sin_latitud_longitud,Regresion lineal,SAN CRISTOBAL,2024,3,10.68659660618086,14.780462856093774,-4.093866249912914,4.093866249912914
A_contemporaneo,sin_latitud_longitud,Regresion lineal,SANTA FE,2024,3,11.192153289491062,14.780462856093774,-3.588309566602712,3.588309566602712
A_contemporaneo,sin_latitud_longitud,Regresion lineal,SUBA,2024,3,9.985130365416556,14.337093526506555,-4.35196316109,4.35196316109
A_contemporaneo,sin_latitud_longitud,Regresion lineal,SUMAPAZ,2024,3,18.999999999999996,16.110712078382974,2.889287921617022,2.889287921617022
A_contemporaneo,sin_latitud_longitud,Regresion lineal,TEUSAQUILLO,2024,3,10.537467935689149,14.780462856093774,-4.242994920404625,4.242994920404625
A_contemporaneo,sin_latitud_longitud,Regresion lineal,TUNJUELITO,2024,3,13.981570293231018,14.780462856093774,-0.7988925628627559,0.7988925628627559
A_contemporaneo,sin_latitud_longitud,Regresion lineal,USAQUEN,2024,3,10.24685452017917,11.805954708928256,-1.5591001887490865,1.5591001887490865
A_contemporaneo,sin_latitud_longitud,Regresion lineal,USME,2024,3,10.124127025183999,14.780462856093774,-4.656335830909775,4.656335830909775
A_contemporaneo,sin_latitud_longitud,Regresion lineal,ANTONIO NARINO,2024,4,9.244175038934863,13.182067221776816,-3.937892182841953,3.937892182841953
A_contemporaneo,sin_latitud_longitud,Regresion lineal,BARRIOS UNIDOS,2024,4,10.13724497178411,13.182067221776816,-3.0448222499927056,3.0448222499927056
A_contemporaneo,sin_latitud_longitud,Regresion lineal,BOSA,2024,4,8.986675792835955,13.182067221776816,-4.1953914289408605,4.1953914289408605
A_contemporaneo,sin_latitud_longitud,Regresion lineal,CHAPINERO,2024,4,10.26520185493747,12.487366539696875,-2.222164684759406,2.222164684759406
A_contemporaneo,sin_latitud_longitud,Regresion lineal,CIUDAD BOLIVAR,2024,4,9.948590859516646,13.182067221776816,-3.23347636226017,3.23347636226017
A_contemporaneo,sin_latitud_longitud,Regresion lineal,ENGATIVA,2024,4,9.573945290382813,13.182067221776816,-3.6081219313940025,3.6081219313940025
A_contemporaneo,sin_latitud_longitud,Regresion lineal,FONTIBON,2024,4,11.771533605358382,13.182067221776816,-1.4105336164184337,1.4105336164184337
A_contemporaneo,sin_latitud_longitud,Regresion lineal,KENNEDY,2024,4,9.60987653031743,13.182067221776816,-3.572190691459385,3.572190691459385
A_contemporaneo,sin_latitud_longitud,Regresion lineal,LA CANDELARIA,2024,4,15.611233328750167,13.182067221776816,2.4291661069733514,2.4291661069733514
A_contemporaneo,sin_latitud_longitud,Regresion lineal,LOS MARTIRES,2024,4,10.341960584029321,13.182067221776816,-2.8401066377474944,2.8401066377474944
A_contemporaneo,sin_latitud_longitud,Regresion lineal,PUENTE ARANDA,2024,4,14.376812441534142,13.182067221776816,1.1947452197573263,1.1947452197573263
A_contemporaneo,sin_latitud_longitud,Regresion lineal,RAFAEL URIBE URIBE,2024,4,10.20627413127413,13.182067221776816,-2.9757930905026857,2.9757930905026857
A_contemporaneo,sin_latitud_longitud,Regresion lineal,SAN CRISTOBAL,2024,4,10.02104904936178,13.182067221776816,-3.1610181724150355,3.1610181724150355
A_contemporaneo,sin_latitud_longitud,Regresion lineal,SANTA FE,2024,4,10.32593501081395,13.182067221776816,-2.8561322109628655,2.8561322109628655
A_contemporaneo,sin_latitud_longitud,Regresion lineal,SUBA,2024,4,9.056744624659656,12.600998241331594,-3.544253616671938,3.544253616671938
A_contemporaneo,sin_latitud_longitud,Regresion lineal,TEUSAQUILLO,2024,4,9.62754204145483,13.182067221776816,-3.554525180321985,3.554525180321985
A_contemporaneo,sin_latitud_longitud,Regresion lineal,TUNJUELITO,2024,4,12.61263666412408,13.182067221776816,-0.5694305576527352,0.5694305576527352
A_contemporaneo,sin_latitud_longitud,Regresion lineal,USAQUEN,2024,4,9.978706683631463,12.487366539696875,-2.508659856065412,2.508659856065412
A_contemporaneo,sin_latitud_longitud,Regresion lineal,USME,2024,4,9.576611452188043,13.182067221776816,-3.6054557695887723,3.6054557695887723
A_contemporaneo,sin_latitud_longitud,Regresion lineal,ANTONIO NARINO,2024,5,8.814745075318656,12.528670028112174,-3.7139249527935174,3.7139249527935174
A_contemporaneo,sin_latitud_longitud,Regresion lineal,BARRIOS UNIDOS,2024,5,9.724489795918366,12.528670028112174,-2.804180232193808,2.804180232193808
A_contemporaneo,sin_latitud_longitud,Regresion lineal,BOSA,2024,5,8.627833355159394,12.528670028112174,-3.9008366729527797,3.9008366729527797
A_contemporaneo,sin_latitud_longitud,Regresion lineal,CHAPINERO,2024,5,10.015843023255812,12.234520977277658,-2.218677954021846,2.218677954021846
A_contemporaneo,sin_latitud_longitud,Regresion lineal,CIUDAD BOLIVAR,2024,5,9.012294659957577,12.528670028112174,-3.5163753681545966,3.5163753681545966
A_contemporaneo,sin_latitud_longitud,Regresion lineal,ENGATIVA,2024,5,8.938284004793475,12.528670028112174,-3.5903860233186986,3.5903860233186986
A_contemporaneo,sin_latitud_longitud,Regresion lineal,FONTIBON,2024,5,11.564809522720859,12.528670028112174,-0.963860505391315,0.963860505391315
A_contemporaneo,sin_latitud_longitud,Regresion lineal,KENNEDY,2024,5,9.386469851469174,12.528670028112174,-3.1422001766429997,3.1422001766429997
A_contemporaneo,sin_latitud_longitud,Regresion lineal,LA CANDELARIA,2024,5,11.609347826086962,12.528670028112174,-0.9193222020252119,0.9193222020252119
A_contemporaneo,sin_latitud_longitud,Regresion lineal,LOS MARTIRES,2024,5,8.996991706867583,12.528670028112174,-3.5316783212445912,3.5316783212445912
A_contemporaneo,sin_latitud_longitud,Regresion lineal,PUENTE ARANDA,2024,5,13.672493614303958,12.528670028112174,1.1438235861917843,1.1438235861917843
A_contemporaneo,sin_latitud_longitud,Regresion lineal,RAFAEL URIBE URIBE,2024,5,9.643767754451602,12.528670028112174,-2.884902273660572,2.884902273660572
A_contemporaneo,sin_latitud_longitud,Regresion lineal,SAN CRISTOBAL,2024,5,8.892466507714186,12.528670028112174,-3.636203520397988,3.636203520397988
A_contemporaneo,sin_latitud_longitud,Regresion lineal,SANTA FE,2024,5,10.029968744254461,12.528670028112174,-2.498701283857713,2.498701283857713
A_contemporaneo,sin_latitud_longitud,Regresion lineal,SUBA,2024,5,8.851618714825339,10.240418660047863,-1.3887999452225248,1.3887999452225248
A_contemporaneo,sin_latitud_longitud,Regresion lineal,TEUSAQUILLO,2024,5,9.34373867216909,12.528670028112174,-3.1849313559430836,3.1849313559430836
A_contemporaneo,sin_latitud_longitud,Regresion lineal,TUNJUELITO,2024,5,11.547917464834978,12.528670028112174,-0.9807525632771963,0.9807525632771963
A_contemporaneo,sin_latitud_longitud,Regresion lineal,USAQUEN,2024,5,9.230260446354189,12.234520977277658,-3.004260530923469,3.004260530923469
A_contemporaneo,sin_latitud_longitud,Regresion lineal,USME,2024,5,9.110767020970984,12.528670028112174,-3.4179030071411898,3.4179030071411898
A_contemporaneo,sin_latitud_longitud,Regresion lineal,ANTONIO NARINO,2024,6,9.81149379544879,13.595418878102652,-3.7839250826538624,3.7839250826538624
A_contemporaneo,sin_latitud_longitud,Regresion lineal,BARRIOS UNIDOS,2024,6,10.20066992022187,13.595418878102652,-3.3947489578807826,3.3947489578807826
A_contemporaneo,sin_latitud_longitud,Regresion lineal,BOSA,2024,6,8.997251669745628,13.595418878102652,-4.598167208357024,4.598167208357024
A_contemporaneo,sin_latitud_longitud,Regresion lineal,CHAPINERO,2024,6,10.61109833409995,15.319268198552322,-4.708169864452373,4.708169864452373
A_contemporaneo,sin_latitud_longitud,Regresion lineal,CIUDAD BOLIVAR,2024,6,10.14348267640046,13.595418878102652,-3.4519362017021926,3.4519362017021926
A_contemporaneo,sin_latitud_longitud,Regresion lineal,ENGATIVA,2024,6,9.235609584001999,13.595418878102652,-4.359809294100653,4.359809294100653
A_contemporaneo,sin_latitud_longitud,Regresion lineal,FONTIBON,2024,6,12.082004841951397,13.595418878102652,-1.5134140361512554,1.5134140361512554
A_contemporaneo,sin_latitud_longitud,Regresion lineal,KENNEDY,2024,6,9.600109695033964,13.595418878102652,-3.995309183068688,3.995309183068688
A_contemporaneo,sin_latitud_longitud,Regresion lineal,LA CANDELARIA,2024,6,15.829005221214626,13.595418878102652,2.2335863431119733,2.2335863431119733
A_contemporaneo,sin_latitud_longitud,Regresion lineal,LOS MARTIRES,2024,6,10.10764465259663,13.595418878102652,-3.4877742255060227,3.4877742255060227
A_contemporaneo,sin_latitud_longitud,Regresion lineal,PUENTE ARANDA,2024,6,14.139061981000458,13.595418878102652,0.5436431028978053,0.5436431028978053
A_contemporaneo,sin_latitud_longitud,Regresion lineal,RAFAEL URIBE URIBE,2024,6,10.04483560278977,13.595418878102652,-3.550583275312883,3.550583275312883
A_contemporaneo,sin_latitud_longitud,Regresion lineal,SAN CRISTOBAL,2024,6,9.908718036725588,13.595418878102652,-3.686700841377064,3.686700841377064
A_contemporaneo,sin_latitud_longitud,Regresion lineal,SANTA FE,2024,6,10.44112962189263,13.595418878102652,-3.1542892562100224,3.1542892562100224
A_contemporaneo,sin_latitud_longitud,Regresion lineal,SUBA,2024,6,9.272173625384362,10.718651799944984,-1.4464781745606228,1.4464781745606228
A_contemporaneo,sin_latitud_longitud,Regresion lineal,TEUSAQUILLO,2024,6,9.808223551785886,13.595418878102652,-3.787195326316766,3.787195326316766
A_contemporaneo,sin_latitud_longitud,Regresion lineal,TUNJUELITO,2024,6,12.702144537447339,13.595418878102652,-0.8932743406553136,0.8932743406553136
A_contemporaneo,sin_latitud_longitud,Regresion lineal,USAQUEN,2024,6,9.56027872124374,15.319268198552322,-5.758989477308582,5.758989477308582
A_contemporaneo,sin_latitud_longitud,Regresion lineal,USME,2024,6,9.373461318051577,13.595418878102652,-4.2219575600510755,4.2219575600510755
A_contemporaneo,sin_latitud_longitud,Ridge,ANTONIO NARINO,2024,1,11.036871238576422,11.735227157023893,-0.6983559184474704,0.6983559184474704
A_contemporaneo,sin_latitud_longitud,Ridge,BARRIOS UNIDOS,2024,1,11.25153172266218,11.735227157023893,-0.4836954343617119,0.4836954343617119
A_contemporaneo,sin_latitud_longitud,Ridge,BOSA,2024,1,9.622822534790625,11.735227157023893,-2.1124046222332673,2.1124046222332673
A_contemporaneo,sin_latitud_longitud,Ridge,CHAPINERO,2024,1,11.412329843723242,11.823212262588456,-0.4108824188652136,0.4108824188652136
A_contemporaneo,sin_latitud_longitud,Ridge,CIUDAD BOLIVAR,2024,1,10.86909424091507,11.735227157023893,-0.8661329161088229,0.8661329161088229
A_contemporaneo,sin_latitud_longitud,Ridge,ENGATIVA,2024,1,10.204748104244752,11.735227157023893,-1.5304790527791408,1.5304790527791408
A_contemporaneo,sin_latitud_longitud,Ridge,FONTIBON,2024,1,12.928098908909138,11.735227157023893,1.1928717518852459,1.1928717518852459
A_contemporaneo,sin_latitud_longitud,Ridge,KENNEDY,2024,1,10.406741061261672,11.735227157023893,-1.328486095762221,1.328486095762221
A_contemporaneo,sin_latitud_longitud,Ridge,LA CANDELARIA,2024,1,18.423087506879465,11.735227157023893,6.687860349855573,6.687860349855573
A_contemporaneo,sin_latitud_longitud,Ridge,LOS MARTIRES,2024,1,11.441326930923008,11.735227157023893,-0.2939002261008845,0.2939002261008845
A_contemporaneo,sin_latitud_longitud,Ridge,PUENTE ARANDA,2024,1,14.178904741778142,11.735227157023893,2.4436775847542496,2.4436775847542496
A_contemporaneo,sin_latitud_longitud,Ridge,RAFAEL URIBE URIBE,2024,1,11.253094542194068,11.735227157023893,-0.4821326148298244,0.4821326148298244
A_contemporaneo,sin_latitud_longitud,Ridge,SAN CRISTOBAL,2024,1,10.785881142090602,11.735227157023893,-0.9493460149332904,0.9493460149332904
A_contemporaneo,sin_latitud_longitud,Ridge,SANTA FE,2024,1,11.30923158312392,11.735227157023893,-0.4259955738999732,0.4259955738999732
A_contemporaneo,sin_latitud_longitud,Ridge,SUBA,2024,1,9.98751316755734,11.582542967935394,-1.5950298003780539,1.5950298003780539
A_contemporaneo,sin_latitud_longitud,Ridge,SUMAPAZ,2024,1,20.0,11.856985122033414,8.143014877966586,8.143014877966586
A_contemporaneo,sin_latitud_longitud,Ridge,TEUSAQUILLO,2024,1,10.69041653176424,11.735227157023893,-1.044810625259652,1.044810625259652
A_contemporaneo,sin_latitud_longitud,Ridge,TUNJUELITO,2024,1,14.104897409838772,11.735227157023893,2.3696702528148794,2.3696702528148794
A_contemporaneo,sin_latitud_longitud,Ridge,USAQUEN,2024,1,10.737109616915863,11.823212262588456,-1.086102645672593,1.086102645672593
A_contemporaneo,sin_latitud_longitud,Ridge,USME,2024,1,10.264386478256728,11.735227157023893,-1.4708406787671642,1.4708406787671642
A_contemporaneo,sin_latitud_longitud,Ridge,ANTONIO NARINO,2024,2,10.889080523719448,11.71168506384441,-0.8226045401249618,0.8226045401249618
A_contemporaneo,sin_latitud_longitud,Ridge,BARRIOS UNIDOS,2024,2,10.732379174069107,11.71168506384441,-0.9793058897753024,0.9793058897753024
A_contemporaneo,sin_latitud_longitud,Ridge,BOSA,2024,2,9.56465808490901,11.71168506384441,-2.1470269789354006,2.1470269789354006
A_contemporaneo,sin_latitud_longitud,Ridge,CHAPINERO,2024,2,10.685633359876622,11.86604379740384,-1.1804104375272182,1.1804104375272182
A_contemporaneo,sin_latitud_longitud,Ridge,CIUDAD BOLIVAR,2024,2,11.000483769710852,11.71168506384441,-0.7112012941335575,0.7112012941335575
A_contemporaneo,sin_latitud_longitud,Ridge,ENGATIVA,2024,2,10.377497586137912,11.71168506384441,-1.3341874777064984,1.3341874777064984
A_contemporaneo,sin_latitud_longitud,Ridge,FONTIBON,2024,2,12.389308019568649,11.71168506384441,0.6776229557242388,0.6776229557242388
A_contemporaneo,sin_latitud_longitud,Ridge,KENNEDY,2024,2,10.28940351933042,11.71168506384441,-1.4222815445139894,1.4222815445139894
A_contemporaneo,sin_latitud_longitud,Ridge,LA CANDELARIA,2024,2,16.849002064693735,11.71168506384441,5.137317000849325,5.137317000849325
A_contemporaneo,sin_latitud_longitud,Ridge,LOS MARTIRES,2024,2,11.310064985541493,11.71168506384441,-0.40162007830291735,0.40162007830291735
A_contemporaneo,sin_latitud_longitud,Ridge,PUENTE ARANDA,2024,2,15.125420386553035,11.71168506384441,3.413735322708625,3.413735322708625
A_contemporaneo,sin_latitud_longitud,Ridge,RAFAEL URIBE URIBE,2024,2,11.28338404719874,11.71168506384441,-0.4283010166456691,0.4283010166456691
A_contemporaneo,sin_latitud_longitud,Ridge,SAN CRISTOBAL,2024,2,10.964617431033478,11.71168506384441,-0.747067632810932,0.747067632810932
A_contemporaneo,sin_latitud_longitud,Ridge,SANTA FE,2024,2,10.92882072977261,11.71168506384441,-0.7828643340717996,0.7828643340717996
A_contemporaneo,sin_latitud_longitud,Ridge,SUBA,2024,2,9.902885856283806,11.537286537893262,-1.6344006816094563,1.6344006816094563
A_contemporaneo,sin_latitud_longitud,Ridge,SUMAPAZ,2024,2,22.0,11.864255951892117,10.135744048107883,10.135744048107883
A_contemporaneo,sin_latitud_longitud,Ridge,TEUSAQUILLO,2024,2,10.09315592024842,11.71168506384441,-1.6185291435959908,1.6185291435959908
A_contemporaneo,sin_latitud_longitud,Ridge,TUNJUELITO,2024,2,14.007601536772784,11.71168506384441,2.295916472928374,2.295916472928374
A_contemporaneo,sin_latitud_longitud,Ridge,USAQUEN,2024,2,10.476219089234203,11.86604379740384,-1.3898247081696375,1.3898247081696375
A_contemporaneo,sin_latitud_longitud,Ridge,USME,2024,2,10.271404333072303,11.71168506384441,-1.4402807307721073,1.4402807307721073
A_contemporaneo,sin_latitud_longitud,Ridge,ANTONIO NARINO,2024,3,10.693898255063273,11.695378969823436,-1.001480714760163,1.001480714760163
A_contemporaneo,sin_latitud_longitud,Ridge,BARRIOS UNIDOS,2024,3,11.02788996142492,11.695378969823436,-0.6674890083985154,0.6674890083985154
A_contemporaneo,sin_latitud_longitud,Ridge,BOSA,2024,3,9.598112473466493,11.695378969823436,-2.0972664963569425,2.0972664963569425
A_contemporaneo,sin_latitud_longitud,Ridge,CHAPINERO,2024,3,11.40855222784479,11.901989582379693,-0.4934373545349029,0.4934373545349029
A_contemporaneo,sin_latitud_longitud,Ridge,CIUDAD BOLIVAR,2024,3,10.955546303324171,11.695378969823436,-0.7398326664992645,0.7398326664992645
A_contemporaneo,sin_latitud_longitud,Ridge,ENGATIVA,2024,3,10.21859162616628,11.695378969823436,-1.476787343657156,1.476787343657156
A_contemporaneo,sin_latitud_longitud,Ridge,FONTIBON,2024,3,12.81182344484594,11.695378969823436,1.1164444750225044,1.1164444750225044
A_contemporaneo,sin_latitud_longitud,Ridge,KENNEDY,2024,3,10.389192950878,11.695378969823436,-1.3061860189454357,1.3061860189454357
A_contemporaneo,sin_latitud_longitud,Ridge,LA CANDELARIA,2024,3,16.733420473307653,11.695378969823436,5.038041503484218,5.038041503484218
A_contemporaneo,sin_latitud_longitud,Ridge,LOS MARTIRES,2024,3,11.137340850655182,11.695378969823436,-0.5580381191682537,0.5580381191682537
A_contemporaneo,sin_latitud_longitud,Ridge,PUENTE ARANDA,2024,3,15.21598083314425,11.695378969823436,3.520601863320815,3.520601863320815
A_contemporaneo,sin_latitud_longitud,Ridge,RAFAEL URIBE URIBE,2024,3,11.13446700214009,11.695378969823436,-0.5609119676833458,0.5609119676833458
A_contemporaneo,sin_latitud_longitud,Ridge,SAN CRISTOBAL,2024,3,10.68659660618086,11.695378969823436,-1.0087823636425757,1.0087823636425757
A_contemporaneo,sin_latitud_longitud,Ridge,SANTA FE,2024,3,11.192153289491062,11.695378969823436,-0.503225680332374,0.503225680332374
A_contemporaneo,sin_latitud_longitud,Ridge,SUBA,2024,3,9.985130365416556,11.520979621427601,-1.535849256011046,1.535849256011046
A_contemporaneo,sin_latitud_longitud,Ridge,SUMAPAZ,2024,3,18.999999999999996,11.846273307309975,7.153726692690022,7.153726692690022
A_contemporaneo,sin_latitud_longitud,Ridge,TEUSAQUILLO,2024,3,10.537467935689149,11.695378969823436,-1.1579110341342869,1.1579110341342869
A_contemporaneo,sin_latitud_longitud,Ridge,TUNJUELITO,2024,3,13.981570293231018,11.695378969823436,2.286191323407582,2.286191323407582
A_contemporaneo,sin_latitud_longitud,Ridge,USAQUEN,2024,3,10.24685452017917,11.901989582379693,-1.6551350622005234,1.6551350622005234
A_contemporaneo,sin_latitud_longitud,Ridge,USME,2024,3,10.124127025183999,11.695378969823436,-1.571251944639437,1.571251944639437
A_contemporaneo,sin_latitud_longitud,Ridge,ANTONIO NARINO,2024,4,9.244175038934863,11.424360310523825,-2.1801852715889627,2.1801852715889627
A_contemporaneo,sin_latitud_longitud,Ridge,BARRIOS UNIDOS,2024,4,10.13724497178411,11.424360310523825,-1.2871153387397154,1.2871153387397154
A_contemporaneo,sin_latitud_longitud,Ridge,BOSA,2024,4,8.986675792835955,11.424360310523825,-2.4376845176878703,2.4376845176878703
A_contemporaneo,sin_latitud_longitud,Ridge,CHAPINERO,2024,4,10.26520185493747,11.571205327736696,-1.306003472799226,1.306003472799226
A_contemporaneo,sin_latitud_longitud,Ridge,CIUDAD BOLIVAR,2024,4,9.948590859516646,11.424360310523825,-1.4757694510071797,1.4757694510071797
A_contemporaneo,sin_latitud_longitud,Ridge,ENGATIVA,2024,4,9.573945290382813,11.424360310523825,-1.8504150201410123,1.8504150201410123
A_contemporaneo,sin_latitud_longitud,Ridge,FONTIBON,2024,4,11.771533605358382,11.424360310523825,0.3471732948345565,0.3471732948345565
A_contemporaneo,sin_latitud_longitud,Ridge,KENNEDY,2024,4,9.60987653031743,11.424360310523825,-1.8144837802063947,1.8144837802063947
A_contemporaneo,sin_latitud_longitud,Ridge,LA CANDELARIA,2024,4,15.611233328750167,11.424360310523825,4.186873018226342,4.186873018226342
A_contemporaneo,sin_latitud_longitud,Ridge,LOS MARTIRES,2024,4,10.341960584029321,11.424360310523825,-1.0823997264945042,1.0823997264945042
A_contemporaneo,sin_latitud_longitud,Ridge,PUENTE ARANDA,2024,4,14.376812441534142,11.424360310523825,2.9524521310103164,2.9524521310103164
A_contemporaneo,sin_latitud_longitud,Ridge,RAFAEL URIBE URIBE,2024,4,10.20627413127413,11.424360310523825,-1.2180861792496955,1.2180861792496955
A_contemporaneo,sin_latitud_longitud,Ridge,SAN CRISTOBAL,2024,4,10.02104904936178,11.424360310523825,-1.4033112611620453,1.4033112611620453
A_contemporaneo,sin_latitud_longitud,Ridge,SANTA FE,2024,4,10.32593501081395,11.424360310523825,-1.0984252997098753,1.0984252997098753
A_contemporaneo,sin_latitud_longitud,Ridge,SUBA,2024,4,9.056744624659656,11.292548876938971,-2.2358042522793156,2.2358042522793156
A_contemporaneo,sin_latitud_longitud,Ridge,TEUSAQUILLO,2024,4,9.62754204145483,11.424360310523825,-1.7968182690689947,1.7968182690689947
A_contemporaneo,sin_latitud_longitud,Ridge,TUNJUELITO,2024,4,12.61263666412408,11.424360310523825,1.188276353600255,1.188276353600255
A_contemporaneo,sin_latitud_longitud,Ridge,USAQUEN,2024,4,9.978706683631463,11.571205327736696,-1.5924986441052322,1.5924986441052322
A_contemporaneo,sin_latitud_longitud,Ridge,USME,2024,4,9.576611452188043,11.424360310523825,-1.8477488583357822,1.8477488583357822
A_contemporaneo,sin_latitud_longitud,Ridge,ANTONIO NARINO,2024,5,8.814745075318656,11.499866971017168,-2.6851218956985115,2.6851218956985115
A_contemporaneo,sin_latitud_longitud,Ridge,BARRIOS UNIDOS,2024,5,9.724489795918366,11.499866971017168,-1.7753771750988019,1.7753771750988019
A_contemporaneo,sin_latitud_longitud,Ridge,BOSA,2024,5,8.627833355159394,11.499866971017168,-2.8720336158577737,2.8720336158577737
A_contemporaneo,sin_latitud_longitud,Ridge,CHAPINERO,2024,5,10.015843023255812,11.64317262004845,-1.627329596792638,1.627329596792638
A_contemporaneo,sin_latitud_longitud,Ridge,CIUDAD BOLIVAR,2024,5,9.012294659957577,11.499866971017168,-2.4875723110595906,2.4875723110595906
A_contemporaneo,sin_latitud_longitud,Ridge,ENGATIVA,2024,5,8.938284004793475,11.499866971017168,-2.5615829662236926,2.5615829662236926
A_contemporaneo,sin_latitud_longitud,Ridge,FONTIBON,2024,5,11.564809522720859,11.499866971017168,0.06494255170369101,0.06494255170369101
A_contemporaneo,sin_latitud_longitud,Ridge,KENNEDY,2024,5,9.386469851469174,11.499866971017168,-2.1133971195479937,2.1133971195479937
A_contemporaneo,sin_latitud_longitud,Ridge,LA CANDELARIA,2024,5,11.609347826086962,11.499866971017168,0.1094808550697941,0.1094808550697941
A_contemporaneo,sin_latitud_longitud,Ridge,LOS MARTIRES,2024,5,8.996991706867583,11.499866971017168,-2.5028752641495853,2.5028752641495853
A_contemporaneo,sin_latitud_longitud,Ridge,PUENTE ARANDA,2024,5,13.672493614303958,11.499866971017168,2.1726266432867902,2.1726266432867902
A_contemporaneo,sin_latitud_longitud,Ridge,RAFAEL URIBE URIBE,2024,5,9.643767754451602,11.499866971017168,-1.8560992165655659,1.8560992165655659
A_contemporaneo,sin_latitud_longitud,Ridge,SAN CRISTOBAL,2024,5,8.892466507714186,11.499866971017168,-2.607400463302982,2.607400463302982
A_contemporaneo,sin_latitud_longitud,Ridge,SANTA FE,2024,5,10.029968744254461,11.499866971017168,-1.469898226762707,1.469898226762707
A_contemporaneo,sin_latitud_longitud,Ridge,SUBA,2024,5,8.851618714825339,11.344594420352173,-2.4929757055268347,2.4929757055268347
A_contemporaneo,sin_latitud_longitud,Ridge,TEUSAQUILLO,2024,5,9.34373867216909,11.499866971017168,-2.1561282988480777,2.1561282988480777
A_contemporaneo,sin_latitud_longitud,Ridge,TUNJUELITO,2024,5,11.547917464834978,11.499866971017168,0.04805049381780968,0.04805049381780968
A_contemporaneo,sin_latitud_longitud,Ridge,USAQUEN,2024,5,9.230260446354189,11.64317262004845,-2.412912173694261,2.412912173694261
A_contemporaneo,sin_latitud_longitud,Ridge,USME,2024,5,9.110767020970984,11.499866971017168,-2.389099950046184,2.389099950046184
A_contemporaneo,sin_latitud_longitud,Ridge,ANTONIO NARINO,2024,6,9.81149379544879,11.70400920908864,-1.8925154136398508,1.8925154136398508
A_contemporaneo,sin_latitud_longitud,Ridge,BARRIOS UNIDOS,2024,6,10.20066992022187,11.70400920908864,-1.503339288866771,1.503339288866771
A_contemporaneo,sin_latitud_longitud,Ridge,BOSA,2024,6,8.997251669745628,11.70400920908864,-2.7067575393430126,2.7067575393430126
A_contemporaneo,sin_latitud_longitud,Ridge,CHAPINERO,2024,6,10.61109833409995,11.894041952679261,-1.2829436185793117,1.2829436185793117
A_contemporaneo,sin_latitud_longitud,Ridge,CIUDAD BOLIVAR,2024,6,10.14348267640046,11.70400920908864,-1.560526532688181,1.560526532688181
A_contemporaneo,sin_latitud_longitud,Ridge,ENGATIVA,2024,6,9.235609584001999,11.70400920908864,-2.468399625086642,2.468399625086642
A_contemporaneo,sin_latitud_longitud,Ridge,FONTIBON,2024,6,12.082004841951397,11.70400920908864,0.3779956328627563,0.3779956328627563
A_contemporaneo,sin_latitud_longitud,Ridge,KENNEDY,2024,6,9.600109695033964,11.70400920908864,-2.1038995140546763,2.1038995140546763
A_contemporaneo,sin_latitud_longitud,Ridge,LA CANDELARIA,2024,6,15.829005221214626,11.70400920908864,4.124996012125985,4.124996012125985
A_contemporaneo,sin_latitud_longitud,Ridge,LOS MARTIRES,2024,6,10.10764465259663,11.70400920908864,-1.596364556492011,1.596364556492011
A_contemporaneo,sin_latitud_longitud,Ridge,PUENTE ARANDA,2024,6,14.139061981000458,11.70400920908864,2.435052771911817,2.435052771911817
A_contemporaneo,sin_latitud_longitud,Ridge,RAFAEL URIBE URIBE,2024,6,10.04483560278977,11.70400920908864,-1.6591736062988716,1.6591736062988716
A_contemporaneo,sin_latitud_longitud,Ridge,SAN CRISTOBAL,2024,6,9.908718036725588,11.70400920908864,-1.7952911723630525,1.7952911723630525
A_contemporaneo,sin_latitud_longitud,Ridge,SANTA FE,2024,6,10.44112962189263,11.70400920908864,-1.2628795871960108,1.2628795871960108
A_contemporaneo,sin_latitud_longitud,Ridge,SUBA,2024,6,9.272173625384362,11.528311295307292,-2.2561376699229303,2.2561376699229303
A_contemporaneo,sin_latitud_longitud,Ridge,TEUSAQUILLO,2024,6,9.808223551785886,11.70400920908864,-1.8957856573027545,1.8957856573027545
A_contemporaneo,sin_latitud_longitud,Ridge,TUNJUELITO,2024,6,12.702144537447339,11.70400920908864,0.998135328358698,0.998135328358698
A_contemporaneo,sin_latitud_longitud,Ridge,USAQUEN,2024,6,9.56027872124374,11.894041952679261,-2.333763231435521,2.333763231435521
A_contemporaneo,sin_latitud_longitud,Ridge,USME,2024,6,9.373461318051577,11.70400920908864,-2.330547891037064,2.330547891037064
A_contemporaneo,sin_latitud_longitud,XGBoost,ANTONIO NARINO,2024,1,11.036871238576422,12.634127616882324,-1.597256378305902,1.597256378305902
A_contemporaneo,sin_latitud_longitud,XGBoost,BARRIOS UNIDOS,2024,1,11.25153172266218,12.634127616882324,-1.3825958942201435,1.3825958942201435
A_contemporaneo,sin_latitud_longitud,XGBoost,BOSA,2024,1,9.622822534790625,12.634127616882324,-3.011305082091699,3.011305082091699
A_contemporaneo,sin_latitud_longitud,XGBoost,CHAPINERO,2024,1,11.412329843723242,12.07707405090332,-0.6647442071800782,0.6647442071800782
A_contemporaneo,sin_latitud_longitud,XGBoost,CIUDAD BOLIVAR,2024,1,10.86909424091507,12.634127616882324,-1.7650333759672545,1.7650333759672545
A_contemporaneo,sin_latitud_longitud,XGBoost,ENGATIVA,2024,1,10.204748104244752,12.634127616882324,-2.4293795126375723,2.4293795126375723
A_contemporaneo,sin_latitud_longitud,XGBoost,FONTIBON,2024,1,12.928098908909138,12.634127616882324,0.29397129202681427,0.29397129202681427
A_contemporaneo,sin_latitud_longitud,XGBoost,KENNEDY,2024,1,10.406741061261672,12.634127616882324,-2.2273865556206527,2.2273865556206527
A_contemporaneo,sin_latitud_longitud,XGBoost,LA CANDELARIA,2024,1,18.423087506879465,12.634127616882324,5.788959889997141,5.788959889997141
A_contemporaneo,sin_latitud_longitud,XGBoost,LOS MARTIRES,2024,1,11.441326930923008,12.634127616882324,-1.192800685959316,1.192800685959316
A_contemporaneo,sin_latitud_longitud,XGBoost,PUENTE ARANDA,2024,1,14.178904741778142,12.634127616882324,1.544777124895818,1.544777124895818
A_contemporaneo,sin_latitud_longitud,XGBoost,RAFAEL URIBE URIBE,2024,1,11.253094542194068,12.634127616882324,-1.381033074688256,1.381033074688256
A_contemporaneo,sin_latitud_longitud,XGBoost,SAN CRISTOBAL,2024,1,10.785881142090602,12.634127616882324,-1.848246474791722,1.848246474791722
A_contemporaneo,sin_latitud_longitud,XGBoost,SANTA FE,2024,1,11.30923158312392,12.634127616882324,-1.3248960337584048,1.3248960337584048
A_contemporaneo,sin_latitud_longitud,XGBoost,SUBA,2024,1,9.98751316755734,10.203055381774902,-0.21554221421756203,0.21554221421756203
A_contemporaneo,sin_latitud_longitud,XGBoost,SUMAPAZ,2024,1,20.0,13.5338134765625,6.4661865234375,6.4661865234375
A_contemporaneo,sin_latitud_longitud,XGBoost,TEUSAQUILLO,2024,1,10.69041653176424,12.634127616882324,-1.9437110851180837,1.9437110851180837
A_contemporaneo,sin_latitud_longitud,XGBoost,TUNJUELITO,2024,1,14.104897409838772,12.634127616882324,1.4707697929564478,1.4707697929564478
A_contemporaneo,sin_latitud_longitud,XGBoost,USAQUEN,2024,1,10.737109616915863,12.07707405090332,-1.3399644339874577,1.3399644339874577
A_contemporaneo,sin_latitud_longitud,XGBoost,USME,2024,1,10.264386478256728,12.634127616882324,-2.3697411386255958,2.3697411386255958
A_contemporaneo,sin_latitud_longitud,XGBoost,ANTONIO NARINO,2024,2,10.889080523719448,11.078781127929688,-0.18970060421023938,0.18970060421023938
A_contemporaneo,sin_latitud_longitud,XGBoost,BARRIOS UNIDOS,2024,2,10.732379174069107,11.078781127929688,-0.34640195386058004,0.34640195386058004
A_contemporaneo,sin_latitud_longitud,XGBoost,BOSA,2024,2,9.56465808490901,11.078781127929688,-1.5141230430206782,1.5141230430206782
A_contemporaneo,sin_latitud_longitud,XGBoost,CHAPINERO,2024,2,10.685633359876622,11.898970603942871,-1.213337244066249,1.213337244066249
A_contemporaneo,sin_latitud_longitud,XGBoost,CIUDAD BOLIVAR,2024,2,11.000483769710852,11.078781127929688,-0.0782973582188351,0.0782973582188351
A_contemporaneo,sin_latitud_longitud,XGBoost,ENGATIVA,2024,2,10.377497586137912,11.078781127929688,-0.701283541791776,0.701283541791776
A_contemporaneo,sin_latitud_longitud,XGBoost,FONTIBON,2024,2,12.389308019568649,11.078781127929688,1.3105268916389612,1.3105268916389612
A_contemporaneo,sin_latitud_longitud,XGBoost,KENNEDY,2024,2,10.28940351933042,11.078781127929688,-0.789377608599267,0.789377608599267
A_contemporaneo,sin_latitud_longitud,XGBoost,LA CANDELARIA,2024,2,16.849002064693735,11.078781127929688,5.770220936764048,5.770220936764048
A_contemporaneo,sin_latitud_longitud,XGBoost,LOS MARTIRES,2024,2,11.310064985541493,11.078781127929688,0.23128385761180503,0.23128385761180503
A_contemporaneo,sin_latitud_longitud,XGBoost,PUENTE ARANDA,2024,2,15.125420386553035,11.078781127929688,4.0466392586233475,4.0466392586233475
A_contemporaneo,sin_latitud_longitud,XGBoost,RAFAEL URIBE URIBE,2024,2,11.28338404719874,11.078781127929688,0.20460291926905327,0.20460291926905327
A_contemporaneo,sin_latitud_longitud,XGBoost,SAN CRISTOBAL,2024,2,10.964617431033478,11.078781127929688,-0.11416369689620964,0.11416369689620964
A_contemporaneo,sin_latitud_longitud,XGBoost,SANTA FE,2024,2,10.92882072977261,11.078781127929688,-0.14996039815707718,0.14996039815707718
A_contemporaneo,sin_latitud_longitud,XGBoost,SUBA,2024,2,9.902885856283806,10.170255661010742,-0.26736980472693617,0.26736980472693617
A_contemporaneo,sin_latitud_longitud,XGBoost,SUMAPAZ,2024,2,22.0,14.285101890563965,7.714898109436035,7.714898109436035
A_contemporaneo,sin_latitud_longitud,XGBoost,TEUSAQUILLO,2024,2,10.09315592024842,11.078781127929688,-0.9856252076812684,0.9856252076812684
A_contemporaneo,sin_latitud_longitud,XGBoost,TUNJUELITO,2024,2,14.007601536772784,11.078781127929688,2.9288204088430962,2.9288204088430962
A_contemporaneo,sin_latitud_longitud,XGBoost,USAQUEN,2024,2,10.476219089234203,11.898970603942871,-1.4227515147086685,1.4227515147086685
A_contemporaneo,sin_latitud_longitud,XGBoost,USME,2024,2,10.271404333072303,11.078781127929688,-0.8073767948573849,0.8073767948573849
A_contemporaneo,sin_latitud_longitud,XGBoost,ANTONIO NARINO,2024,3,10.693898255063273,12.00319766998291,-1.3092994149196375,1.3092994149196375
A_contemporaneo,sin_latitud_longitud,XGBoost,BARRIOS UNIDOS,2024,3,11.02788996142492,12.00319766998291,-0.97530770855799,0.97530770855799
A_contemporaneo,sin_latitud_longitud,XGBoost,BOSA,2024,3,9.598112473466493,12.00319766998291,-2.405085196516417,2.405085196516417
A_contemporaneo,sin_latitud_longitud,XGBoost,CHAPINERO,2024,3,11.40855222784479,11.190333366394043,0.21821886145074743,0.21821886145074743
A_contemporaneo,sin_latitud_longitud,XGBoost,CIUDAD BOLIVAR,2024,3,10.955546303324171,12.00319766998291,-1.047651366658739,1.047651366658739
A_contemporaneo,sin_latitud_longitud,XGBoost,ENGATIVA,2024,3,10.21859162616628,12.00319766998291,-1.7846060438166305,1.7846060438166305
A_contemporaneo,sin_latitud_longitud,XGBoost,FONTIBON,2024,3,12.81182344484594,12.00319766998291,0.8086257748630299,0.8086257748630299
A_contemporaneo,sin_latitud_longitud,XGBoost,KENNEDY,2024,3,10.389192950878,12.00319766998291,-1.6140047191049103,1.6140047191049103
A_contemporaneo,sin_latitud_longitud,XGBoost,LA CANDELARIA,2024,3,16.733420473307653,12.00319766998291,4.730222803324743,4.730222803324743
A_contemporaneo,sin_latitud_longitud,XGBoost,LOS MARTIRES,2024,3,11.137340850655182,12.00319766998291,-0.8658568193277283,0.8658568193277283
A_contemporaneo,sin_latitud_longitud,XGBoost,PUENTE ARANDA,2024,3,15.21598083314425,12.00319766998291,3.2127831631613404,3.2127831631613404
A_contemporaneo,sin_latitud_longitud,XGBoost,RAFAEL URIBE URIBE,2024,3,11.13446700214009,12.00319766998291,-0.8687306678428204,0.8687306678428204
A_contemporaneo,sin_latitud_longitud,XGBoost,SAN CRISTOBAL,2024,3,10.68659660618086,12.00319766998291,-1.3166010638020502,1.3166010638020502
A_contemporaneo,sin_latitud_longitud,XGBoost,SANTA FE,2024,3,11.192153289491062,12.00319766998291,-0.8110443804918486,0.8110443804918486
A_contemporaneo,sin_latitud_longitud,XGBoost,SUBA,2024,3,9.985130365416556,11.233224868774414,-1.2480945033578585,1.2480945033578585
A_contemporaneo,sin_latitud_longitud,XGBoost,SUMAPAZ,2024,3,18.999999999999996,10.605896949768066,8.39410305023193,8.39410305023193
A_contemporaneo,sin_latitud_longitud,XGBoost,TEUSAQUILLO,2024,3,10.537467935689149,12.00319766998291,-1.4657297342937614,1.4657297342937614
A_contemporaneo,sin_latitud_longitud,XGBoost,TUNJUELITO,2024,3,13.981570293231018,12.00319766998291,1.9783726232481076,1.9783726232481076
A_contemporaneo,sin_latitud_longitud,XGBoost,USAQUEN,2024,3,10.24685452017917,11.190333366394043,-0.9434788462148731,0.9434788462148731
A_contemporaneo,sin_latitud_longitud,XGBoost,USME,2024,3,10.124127025183999,12.00319766998291,-1.8790706447989116,1.8790706447989116
A_contemporaneo,sin_latitud_longitud,XGBoost,ANTONIO NARINO,2024,4,9.244175038934863,11.413460731506348,-2.169285692571485,2.169285692571485
A_contemporaneo,sin_latitud_longitud,XGBoost,BARRIOS UNIDOS,2024,4,10.13724497178411,11.413460731506348,-1.2762157597222377,1.2762157597222377
A_contemporaneo,sin_latitud_longitud,XGBoost,BOSA,2024,4,8.986675792835955,11.413460731506348,-2.4267849386703926,2.4267849386703926
A_contemporaneo,sin_latitud_longitud,XGBoost,CHAPINERO,2024,4,10.26520185493747,11.219819068908691,-0.9546172139712219,0.9546172139712219
A_contemporaneo,sin_latitud_longitud,XGBoost,CIUDAD BOLIVAR,2024,4,9.948590859516646,11.413460731506348,-1.464869871989702,1.464869871989702
A_contemporaneo,sin_latitud_longitud,XGBoost,ENGATIVA,2024,4,9.573945290382813,11.413460731506348,-1.8395154411235346,1.8395154411235346
A_contemporaneo,sin_latitud_longitud,XGBoost,FONTIBON,2024,4,11.771533605358382,11.413460731506348,0.35807287385203423,0.35807287385203423
A_contemporaneo,sin_latitud_longitud,XGBoost,KENNEDY,2024,4,9.60987653031743,11.413460731506348,-1.803584201188917,1.803584201188917
A_contemporaneo,sin_latitud_longitud,XGBoost,LA CANDELARIA,2024,4,15.611233328750167,11.413460731506348,4.197772597243819,4.197772597243819
A_contemporaneo,sin_latitud_longitud,XGBoost,LOS MARTIRES,2024,4,10.341960584029321,11.413460731506348,-1.0715001474770265,1.0715001474770265
A_contemporaneo,sin_latitud_longitud,XGBoost,PUENTE ARANDA,2024,4,14.376812441534142,11.413460731506348,2.963351710027794,2.963351710027794
A_contemporaneo,sin_latitud_longitud,XGBoost,RAFAEL URIBE URIBE,2024,4,10.20627413127413,11.413460731506348,-1.2071866002322178,1.2071866002322178
A_contemporaneo,sin_latitud_longitud,XGBoost,SAN CRISTOBAL,2024,4,10.02104904936178,11.413460731506348,-1.3924116821445676,1.3924116821445676
A_contemporaneo,sin_latitud_longitud,XGBoost,SANTA FE,2024,4,10.32593501081395,11.413460731506348,-1.0875257206923976,1.0875257206923976
A_contemporaneo,sin_latitud_longitud,XGBoost,SUBA,2024,4,9.056744624659656,10.18851375579834,-1.1317691311386842,1.1317691311386842
A_contemporaneo,sin_latitud_longitud,XGBoost,TEUSAQUILLO,2024,4,9.62754204145483,11.413460731506348,-1.785918690051517,1.785918690051517
A_contemporaneo,sin_latitud_longitud,XGBoost,TUNJUELITO,2024,4,12.61263666412408,11.413460731506348,1.1991759326177327,1.1991759326177327
A_contemporaneo,sin_latitud_longitud,XGBoost,USAQUEN,2024,4,9.978706683631463,11.219819068908691,-1.2411123852772281,1.2411123852772281
A_contemporaneo,sin_latitud_longitud,XGBoost,USME,2024,4,9.576611452188043,11.413460731506348,-1.8368492793183044,1.8368492793183044
A_contemporaneo,sin_latitud_longitud,XGBoost,ANTONIO NARINO,2024,5,8.814745075318656,12.666633605957031,-3.8518885306383748,3.8518885306383748
A_contemporaneo,sin_latitud_longitud,XGBoost,BARRIOS UNIDOS,2024,5,9.724489795918366,12.666633605957031,-2.942143810038665,2.942143810038665
A_contemporaneo,sin_latitud_longitud,XGBoost,BOSA,2024,5,8.627833355159394,12.666633605957031,-4.038800250797637,4.038800250797637
A_contemporaneo,sin_latitud_longitud,XGBoost,CHAPINERO,2024,5,10.015843023255812,11.092981338500977,-1.0771383152451648,1.0771383152451648
A_contemporaneo,sin_latitud_longitud,XGBoost,CIUDAD BOLIVAR,2024,5,9.012294659957577,12.666633605957031,-3.654338945999454,3.654338945999454
A_contemporaneo,sin_latitud_longitud,XGBoost,ENGATIVA,2024,5,8.938284004793475,12.666633605957031,-3.728349601163556,3.728349601163556
A_contemporaneo,sin_latitud_longitud,XGBoost,FONTIBON,2024,5,11.564809522720859,12.666633605957031,-1.1018240832361723,1.1018240832361723
A_contemporaneo,sin_latitud_longitud,XGBoost,KENNEDY,2024,5,9.386469851469174,12.666633605957031,-3.280163754487857,3.280163754487857
A_contemporaneo,sin_latitud_longitud,XGBoost,LA CANDELARIA,2024,5,11.609347826086962,12.666633605957031,-1.0572857798700692,1.0572857798700692
A_contemporaneo,sin_latitud_longitud,XGBoost,LOS MARTIRES,2024,5,8.996991706867583,12.666633605957031,-3.6696418990894486,3.6696418990894486
A_contemporaneo,sin_latitud_longitud,XGBoost,PUENTE ARANDA,2024,5,13.672493614303958,12.666633605957031,1.005860008346927,1.005860008346927
A_contemporaneo,sin_latitud_longitud,XGBoost,RAFAEL URIBE URIBE,2024,5,9.643767754451602,12.666633605957031,-3.022865851505429,3.022865851505429
A_contemporaneo,sin_latitud_longitud,XGBoost,SAN CRISTOBAL,2024,5,8.892466507714186,12.666633605957031,-3.7741670982428452,3.7741670982428452
A_contemporaneo,sin_latitud_longitud,XGBoost,SANTA FE,2024,5,10.029968744254461,12.666633605957031,-2.6366648617025703,2.6366648617025703
A_contemporaneo,sin_latitud_longitud,XGBoost,SUBA,2024,5,8.851618714825339,10.062047958374023,-1.2104292435486848,1.2104292435486848
A_contemporaneo,sin_latitud_longitud,XGBoost,TEUSAQUILLO,2024,5,9.34373867216909,12.666633605957031,-3.322894933787941,3.322894933787941
A_contemporaneo,sin_latitud_longitud,XGBoost,TUNJUELITO,2024,5,11.547917464834978,12.666633605957031,-1.1187161411220536,1.1187161411220536
A_contemporaneo,sin_latitud_longitud,XGBoost,USAQUEN,2024,5,9.230260446354189,11.092981338500977,-1.862720892146788,1.862720892146788
A_contemporaneo,sin_latitud_longitud,XGBoost,USME,2024,5,9.110767020970984,12.666633605957031,-3.555866584986047,3.555866584986047
A_contemporaneo,sin_latitud_longitud,XGBoost,ANTONIO NARINO,2024,6,9.81149379544879,12.138714790344238,-2.3272209948954483,2.3272209948954483
A_contemporaneo,sin_latitud_longitud,XGBoost,BARRIOS UNIDOS,2024,6,10.20066992022187,12.138714790344238,-1.9380448701223685,1.9380448701223685
A_contemporaneo,sin_latitud_longitud,XGBoost,BOSA,2024,6,8.997251669745628,12.138714790344238,-3.14146312059861,3.14146312059861
A_contemporaneo,sin_latitud_longitud,XGBoost,CHAPINERO,2024,6,10.61109833409995,10.475234985351562,0.13586334874838712,0.13586334874838712
A_contemporaneo,sin_latitud_longitud,XGBoost,CIUDAD BOLIVAR,2024,6,10.14348267640046,12.138714790344238,-1.9952321139437785,1.9952321139437785
A_contemporaneo,sin_latitud_longitud,XGBoost,ENGATIVA,2024,6,9.235609584001999,12.138714790344238,-2.9031052063422393,2.9031052063422393
A_contemporaneo,sin_latitud_longitud,XGBoost,FONTIBON,2024,6,12.082004841951397,12.138714790344238,-0.05670994839284127,0.05670994839284127
A_contemporaneo,sin_latitud_longitud,XGBoost,KENNEDY,2024,6,9.600109695033964,12.138714790344238,-2.538605095310274,2.538605095310274
A_contemporaneo,sin_latitud_longitud,XGBoost,LA CANDELARIA,2024,6,15.829005221214626,12.138714790344238,3.6902904308703874,3.6902904308703874
A_contemporaneo,sin_latitud_longitud,XGBoost,LOS MARTIRES,2024,6,10.10764465259663,12.138714790344238,-2.0310701377476086,2.0310701377476086
A_contemporaneo,sin_latitud_longitud,XGBoost,PUENTE ARANDA,2024,6,14.139061981000458,12.138714790344238,2.0003471906562194,2.0003471906562194
A_contemporaneo,sin_latitud_longitud,XGBoost,RAFAEL URIBE URIBE,2024,6,10.04483560278977,12.138714790344238,-2.093879187554469,2.093879187554469
A_contemporaneo,sin_latitud_longitud,XGBoost,SAN CRISTOBAL,2024,6,9.908718036725588,12.138714790344238,-2.22999675361865,2.22999675361865
A_contemporaneo,sin_latitud_longitud,XGBoost,SANTA FE,2024,6,10.44112962189263,12.138714790344238,-1.6975851684516083,1.6975851684516083
A_contemporaneo,sin_latitud_longitud,XGBoost,SUBA,2024,6,9.272173625384362,8.886661529541016,0.385512095843346,0.385512095843346
A_contemporaneo,sin_latitud_longitud,XGBoost,TEUSAQUILLO,2024,6,9.808223551785886,12.138714790344238,-2.330491238558352,2.330491238558352
A_contemporaneo,sin_latitud_longitud,XGBoost,TUNJUELITO,2024,6,12.702144537447339,12.138714790344238,0.5634297471031005,0.5634297471031005
A_contemporaneo,sin_latitud_longitud,XGBoost,USAQUEN,2024,6,9.56027872124374,10.475234985351562,-0.9149562641078219,0.9149562641078219
A_contemporaneo,sin_latitud_longitud,XGBoost,USME,2024,6,9.373461318051577,12.138714790344238,-2.7652534722926614,2.7652534722926614
