modelo,iteracion,n_estimators,learning_rate,max_depth,min_child_weight,subsample,colsample_bytree,MAE_train,RMSE_train,R2_train,MAE_val_2023,RMSE_val_2023,R2_val_2023
XGBoost_con_latitud_longitud,25,200,0.05,4,1,0.8,0.8,0.18857497967106085,0.2704294676052876,0.9935103003612681,0.8764399555226672,2.39993001350726,-0.10219127997510902
XGBoost_con_latitud_longitud,57,400,0.05,4,1,0.8,0.8,0.0991411982043721,0.14230986293193384,0.9982028407137731,0.8734889920705827,2.417568204680241,-0.11845183722484176
XGBoost_con_latitud_longitud,9,200,0.03,4,1,0.8,0.8,0.2927260830885209,0.4624951303125508,0.9810184838284353,0.9285153615016167,2.438021219612724,-0.13745645366640447
XGBoost_con_latitud_longitud,26,200,0.05,4,1,0.8,1.0,0.18639432393114133,0.26703603864489633,0.9936721478367432,0.9109426112863492,2.445876756915385,-0.14479824936202257
XGBoost_con_latitud_longitud,14,200,0.03,4,3,0.8,1.0,0.3217706075708301,0.5384682014318511,0.974270183202712,0.927174713089892,2.450545488038543,-0.1491728412389064
XGBoost_con_latitud_longitud,29,200,0.05,4,3,0.8,0.8,0.21615390682932115,0.32187225122145924,0.9908064414624291,0.9105333808068714,2.4542579097425365,-0.1526573272367222
XGBoost_con_latitud_longitud,58,400,0.05,4,1,0.8,1.0,0.09810467017062265,0.13751077739644368,0.9983220073847769,0.9134530716196301,2.4575149192126995,-0.15571870631833828
XGBoost_con_latitud_longitud,41,400,0.03,4,1,0.8,0.8,0.1644110824168915,0.23289790952883033,0.9951866465751177,0.9102725667454633,2.46463666313936,-0.16242683144095316
XGBoost_con_latitud_longitud,10,200,0.03,4,1,0.8,1.0,0.28978561707858397,0.44901018239194745,0.982109233393297,0.9391965058531663,2.467451552008083,-0.16508358888490804
XGBoost_con_latitud_longitud,61,400,0.05,4,3,0.8,0.8,0.12401916479413155,0.1763774536112873,0.9972394049351043,0.9159651257211624,2.4688821766991595,-0.16643500796453736
XGBoost_con_latitud_longitud,46,400,0.03,4,3,0.8,1.0,0.1897271894292047,0.2767591602984608,0.9932029482087124,0.9148377228433361,2.471523961449809,-0.1689325907838115
XGBoost_con_latitud_longitud,16,200,0.03,4,3,1.0,1.0,0.28600864033842316,0.4603192936145263,0.9811966631258171,0.9318817148965672,2.4753449967828387,-0.17254978040803648
XGBoost_con_latitud_longitud,42,400,0.03,4,1,0.8,1.0,0.16350850519187887,0.2314834878918168,0.9952449333835975,0.9185657830113847,2.482689577230015,-0.17951823315962834
XGBoost_con_latitud_longitud,15,200,0.03,4,3,1.0,0.8,0.3036887851229538,0.4969389845111006,0.9780859470367385,0.924202340859016,2.4975899780716624,-0.1937189899596108
XGBoost_con_latitud_longitud,30,200,0.05,4,3,0.8,1.0,0.2182550600691705,0.32868761720959866,0.990412988316341,0.8854397553663862,2.498847013637538,-0.19492088847096434
XGBoost_con_latitud_longitud,63,400,0.05,4,3,1.0,0.8,0.1409581495664984,0.20895346955641053,0.9961254992962848,0.9089400597018307,2.507626590866633,-0.2033322316216446
XGBoost_con_latitud_longitud,62,400,0.05,4,3,0.8,1.0,0.11649110613451373,0.16721564140718534,0.9975187508878792,0.8842668123117179,2.5076286869385447,-0.20333424330229444
XGBoost_con_latitud_longitud,49,400,0.05,3,1,0.8,0.8,0.2043250544194049,0.2962270101423559,0.9922130769866766,0.9271093561211708,2.510462011592058,-0.2060550310539555
XGBoost_con_latitud_longitud,47,400,0.03,4,3,1.0,0.8,0.19007098530516386,0.2870835326292559,0.9926863674980131,0.9129911334419909,2.5117361172734523,-0.20727953196014992
XGBoost_con_latitud_longitud,50,400,0.05,3,1,0.8,1.0,0.20712772345389566,0.3004792122153688,0.9919879170944645,0.9228971578632338,2.5152711793264553,-0.21068021671034098
XGBoost_con_latitud_longitud,40,400,0.03,3,3,1.0,1.0,0.3149232647440751,0.5212262706322351,0.9758915569512956,0.9670134523993232,2.521057265965629,-0.2162566793124423
XGBoost_con_latitud_longitud,13,200,0.03,4,3,0.8,0.8,0.3224598440562546,0.5419235819438218,0.9739389043429004,0.9746332582960269,2.5225121796496914,-0.21766089897633067
XGBoost_con_latitud_longitud,31,200,0.05,4,3,1.0,0.8,0.22020692127330985,0.33886750515421366,0.989809947509955,0.921840337911325,2.523528055104332,-0.21864185828530203
XGBoost_con_latitud_longitud,8,200,0.03,3,3,1.0,1.0,0.45959048754166604,0.800711143334322,0.9431057580052681,0.9788641711289396,2.525517580323129,-0.2205641467563466
XGBoost_con_latitud_longitud,48,400,0.03,4,3,1.0,1.0,0.1795215421428846,0.2657189513645919,0.9937344149385822,0.9389265244506888,2.5276965268824916,-0.2226711931370382
XGBoost_con_latitud_longitud,18,200,0.05,3,1,0.8,1.0,0.3176018033219183,0.47326311534235316,0.9801243249845721,0.9418761127153026,2.5300020285922242,-0.2249025971338312
XGBoost_con_latitud_longitud,45,400,0.03,4,3,0.8,0.8,0.19220583074217049,0.2824359679491303,0.9929212499717901,0.9790545233532494,2.534268782220934,-0.22903758562013365
XGBoost_con_latitud_longitud,55,400,0.05,3,3,1.0,0.8,0.24851638026918133,0.40428008371130014,0.9854962179647475,0.9244308963705462,2.537690828344959,-0.23235898776686548
XGBoost_con_latitud_longitud,60,400,0.05,4,1,1.0,1.0,0.1093229535128461,0.16230963539692,0.9976622117313845,0.9054145309325593,2.5418509178349415,-0.23640276314571995
XGBoost_con_latitud_longitud,59,400,0.05,4,1,1.0,0.8,0.12461173125127428,0.19521088917120624,0.996618381195383,0.8735896126524356,2.545412908927215,-0.2398704263214697
XGBoost_con_latitud_longitud,12,200,0.03,4,1,1.0,1.0,0.2731790423935592,0.42337919492584736,0.984093464608787,0.9590471094338484,2.548282953431268,-0.24266799951613627
XGBoost_con_latitud_longitud,28,200,0.05,4,1,1.0,1.0,0.18144246828498606,0.264940596549778,0.9937710679928221,0.9261400002137423,2.5512929141762974,-0.24560534280447976
XGBoost_con_latitud_longitud,64,400,0.05,4,3,1.0,1.0,0.1304041993992406,0.1902298505041933,0.9967887515784075,0.9402544300546621,2.5515470492396597,-0.24585350541793694
XGBoost_con_latitud_longitud,17,200,0.05,3,1,0.8,0.8,0.3167821494752394,0.4712071012468602,0.9802966430957393,0.9587517346758055,2.5521074113537146,-0.2464007857549233
XGBoost_con_latitud_longitud,27,200,0.05,4,1,1.0,0.8,0.20417006196205542,0.3150565738561064,0.9911916682672041,0.9124181382345502,2.5548750495787935,-0.2491055754504492
XGBoost_con_latitud_longitud,56,400,0.05,3,3,1.0,1.0,0.24737625439703625,0.3862288737737006,0.9867624977769327,0.9671233865613058,2.5549609599531715,-0.2491895818537111
XGBoost_con_latitud_longitud,32,200,0.05,4,3,1.0,1.0,0.19975907905254875,0.30406397016937037,0.9917956062674542,0.9507020703023036,2.5558948461206965,-0.2501029532097918
XGBoost_con_latitud_longitud,7,200,0.03,3,3,1.0,0.8,0.4501601009925464,0.8155700622237392,0.9409745751903646,0.9714138139082934,2.5564371053799837,-0.2506334537599608
XGBoost_con_latitud_longitud,5,200,0.03,3,3,0.8,0.8,0.47135681317726585,0.8085770962070119,0.9419824425137961,1.0013319448668163,2.556731247420939,-0.2509212645094565
XGBoost_con_latitud_longitud,11,200,0.03,4,1,1.0,0.8,0.28004402030162917,0.43797750945376795,0.982977623581565,0.9257705775226878,2.5575909875273206,-0.25176268888933917
XGBoost_con_latitud_longitud,6,200,0.03,3,3,0.8,1.0,0.4662265147920164,0.7925161876797255,0.9442643777526989,0.9742092840957234,2.5669863852894537,-0.26097636714265504
XGBoost_con_latitud_longitud,39,400,0.03,3,3,1.0,0.8,0.31762150068325584,0.5302436906027854,0.9750501700679708,0.9831586420244273,2.5703357835014873,-0.26426915235440296
XGBoost_con_latitud_longitud,24,200,0.05,3,3,1.0,1.0,0.34419330489796324,0.578419282477188,0.9703105538935556,0.9687696411823455,2.5720371528564696,-0.2659434088485457
XGBoost_con_latitud_longitud,2,200,0.03,3,1,0.8,1.0,0.4458097333498947,0.7378136945859972,0.9516930081183834,1.0120487754203318,2.5741770720382653,-0.2680507995005572
XGBoost_con_latitud_longitud,43,400,0.03,4,1,1.0,0.8,0.17238950933099376,0.2571759017008557,0.99413082426957,0.9001598552930693,2.57623362875706,-0.27007774639283877
XGBoost_con_latitud_longitud,23,200,0.05,3,3,1.0,0.8,0.35353633448409394,0.6114689407156186,0.9668208409070809,0.9550404405587,2.5787403931357007,-0.27255060800286945
XGBoost_con_latitud_longitud,34,400,0.03,3,1,0.8,1.0,0.2847703705905893,0.4322441377130127,0.9834203715269317,1.0045831664155789,2.579569097260583,-0.273368633259526
XGBoost_con_latitud_longitud,38,400,0.03,3,3,0.8,1.0,0.30578603837638196,0.4864272786409694,0.9790032336923021,0.97170799502325,2.590846094185592,-0.28452643647264675
XGBoost_con_latitud_longitud,21,200,0.05,3,3,0.8,0.8,0.34239672479012756,0.5606744949855336,0.9721042416872661,0.9969910191370016,2.5909801052328514,-0.28465932370616054
XGBoost_con_latitud_longitud,53,400,0.05,3,3,0.8,0.8,0.22835478920184593,0.33995567241002733,0.9897443980849739,0.9900367892291472,2.5917664854450244,-0.28543924785568997
XGBoost_con_latitud_longitud,44,400,0.03,4,1,1.0,1.0,0.16512532629041812,0.2435161881982164,0.9947377406953178,0.943323075951776,2.5920451064762764,-0.2857156382341206
XGBoost_con_latitud_longitud,37,400,0.03,3,3,0.8,0.8,0.3126457389275168,0.49769643748156883,0.9780190916869488,1.0051709644340419,2.5953391876979204,-0.28898559900660903
XGBoost_con_latitud_longitud,33,400,0.03,3,1,0.8,0.8,0.28914710740700406,0.44013971926200013,0.9828091363859325,0.9944303651199337,2.5969074985214835,-0.2905438853845357
XGBoost_con_latitud_longitud,51,400,0.05,3,1,1.0,0.8,0.22884774988509735,0.34033465570272314,0.9897215194066663,0.9194778927440604,2.6055725420605578,-0.29917051175486264
XGBoost_con_latitud_longitud,1,200,0.03,3,1,0.8,0.8,0.44831005009970454,0.7579609769075394,0.9490187752786202,1.0210489873745359,2.6114706118039432,-0.30505886898350365
XGBoost_con_latitud_longitud,52,400,0.05,3,1,1.0,1.0,0.23289650086101707,0.35079959112559017,0.9890796960214465,0.9527615498805578,2.6119590866960243,-0.3055471364817717
XGBoost_con_latitud_longitud,35,400,0.03,3,1,1.0,0.8,0.31351032872660706,0.49184019906588045,0.9785333332769252,0.989606566728278,2.614567137138988,-0.3081556250478563
XGBoost_con_latitud_longitud,54,400,0.05,3,3,0.8,1.0,0.22799338753171888,0.33482059712659423,0.990051882555429,0.956750188873001,2.619958947966183,-0.31355659587529106
XGBoost_con_latitud_longitud,22,200,0.05,3,3,0.8,1.0,0.3469462596019147,0.5517518166631717,0.9729850533557174,0.9734694969377558,2.637439588769704,-0.33114344612028246
XGBoost_con_latitud_longitud,3,200,0.03,3,1,1.0,0.8,0.44996000783358886,0.8047117097306826,0.9425358201626854,1.0169849258654449,2.6692966325033374,-0.36349482451268766
XGBoost_con_latitud_longitud,19,200,0.05,3,1,1.0,0.8,0.3387213965538883,0.532486900694058,0.9748386216885391,0.9714009847891044,2.6708763772616786,-0.3651091907534838
XGBoost_con_latitud_longitud,36,400,0.03,3,1,1.0,1.0,0.3124112863933067,0.48321229565843987,0.9792798677080987,0.9799429546635462,2.684027607533001,-0.3785857146885785
XGBoost_con_latitud_longitud,20,200,0.05,3,1,1.0,1.0,0.33604574378782387,0.5158034069895593,0.9763905981953287,0.9806664766935538,2.68482368769012,-0.37940361051259575
XGBoost_con_latitud_longitud,4,200,0.03,3,1,1.0,1.0,0.44673689462084315,0.7573581531918422,0.9490998361011344,1.0244967000031413,2.6958168571808234,-0.39072283623313164
XGBoost_sin_latitud_longitud,9,200,0.03,4,1,0.8,0.8,1.3387576971186776,1.973402829403974,0.65442042699947,2.0580242199266103,3.1456309585321636,-0.8935438092302064
XGBoost_sin_latitud_longitud,25,200,0.05,4,1,0.8,0.8,1.309862335727832,1.9417276356482596,0.6654252253608146,2.102307133515692,3.1595661469002576,-0.9103578202539855
XGBoost_sin_latitud_longitud,57,400,0.05,4,1,0.8,0.8,1.2927787835758902,1.9308639197067048,0.6691585578184053,2.1304534111822404,3.1767377238119896,-0.931179031608192
XGBoost_sin_latitud_longitud,41,400,0.03,4,1,0.8,0.8,1.3052630349949939,1.935027230933786,0.6677303050650207,2.110892667180598,3.183750750538239,-0.9397150586181466
XGBoost_sin_latitud_longitud,11,200,0.03,4,1,1.0,0.8,1.3178362594590007,1.9495944462454073,0.6627087082603627,2.074318191161255,3.1935584069890433,-0.9516841871978867
XGBoost_sin_latitud_longitud,27,200,0.05,4,1,1.0,0.8,1.2939827379426136,1.9309712773464318,0.6691217666769695,2.106623268315972,3.221420744495712,-0.9858878498698149
XGBoost_sin_latitud_longitud,43,400,0.03,4,1,1.0,0.8,1.2919144875299027,1.93036349428911,0.6693300251193816,2.0901673946492596,3.2219236859508116,-0.986507988231947
XGBoost_sin_latitud_longitud,59,400,0.05,4,1,1.0,0.8,1.2873853360712693,1.9297267672995417,0.6695481309570375,2.1059689826690065,3.2220030591958153,-0.986605866110394
XGBoost_sin_latitud_longitud,1,200,0.03,3,1,0.8,0.8,1.383449559510912,2.036689873899938,0.6318995241189718,2.2097407650412264,3.2925504391685254,-1.0745537432222014
XGBoost_sin_latitud_longitud,31,200,0.05,4,3,1.0,0.8,1.3054490680461308,1.9348302514409619,0.6677979495752664,2.147169213784828,3.32817921202027,-1.119694260912063
XGBoost_sin_latitud_longitud,13,200,0.03,4,3,0.8,0.8,1.3546871021471734,1.9979983819426015,0.6457524666115095,2.1838477561875598,3.3289921523993207,-1.120729899559243
XGBoost_sin_latitud_longitud,14,200,0.03,4,3,0.8,1.0,1.3538101219202423,1.996082522123018,0.646431509425375,2.129470419709542,3.329552218487364,-1.1214435382565222
XGBoost_sin_latitud_longitud,63,400,0.05,4,3,1.0,0.8,1.2891038340536924,1.9298508049348855,0.669505648480824,2.148510037697354,3.336162319587988,-1.1298752282313287
XGBoost_sin_latitud_longitud,45,400,0.03,4,3,0.8,0.8,1.3160137406266041,1.9442502791004945,0.6645553184705706,2.2065820290378872,3.354543315334079,-1.1534095005394835
XGBoost_sin_latitud_longitud,10,200,0.03,4,1,0.8,1.0,1.3341094932355468,1.9680922718378138,0.6562778793546548,2.2110976678112384,3.36428593018234,-1.1659359778086893
XGBoost_sin_latitud_longitud,33,400,0.03,3,1,0.8,0.8,1.3366639703475438,1.9604015476937855,0.6589589600085932,2.270290479346707,3.3684881548158905,-1.171350163205163
XGBoost_sin_latitud_longitud,46,400,0.03,4,3,0.8,1.0,1.3147870086087887,1.94315080093194,0.664934600732155,2.173705210212395,3.375092645279173,-1.1798731084738425
XGBoost_sin_latitud_longitud,3,200,0.03,3,1,1.0,0.8,1.3524791809210523,1.9941626070039726,0.6471113360595877,2.165159615027675,3.3792487104163738,-1.1852449744367957
XGBoost_sin_latitud_longitud,5,200,0.03,3,3,0.8,0.8,1.3903434956392626,2.064681746776217,0.6217117888835468,2.20947857446393,3.3870902483222647,-1.1953984519834027
XGBoost_sin_latitud_longitud,15,200,0.03,4,3,1.0,0.8,1.333747847604201,1.9614849828489453,0.6585818964878383,2.1720720580829953,3.3876229500727533,-1.1960890651517118
XGBoost_sin_latitud_longitud,26,200,0.05,4,1,0.8,1.0,1.3086831024060719,1.941445778485009,0.6655223506741497,2.264375437415099,3.390226636956346,-1.199466138541772
XGBoost_sin_latitud_longitud,7,200,0.03,3,3,1.0,0.8,1.3667603142757134,2.0206326022300423,0.6376808553549798,2.186633374862935,3.4118647272097933,-1.2276318811107036
XGBoost_sin_latitud_longitud,58,400,0.05,4,1,0.8,1.0,1.2917847209641968,1.9307158339775026,0.6692093029972701,2.309479343971046,3.4192168167225745,-1.2372426928967868
XGBoost_sin_latitud_longitud,12,200,0.03,4,1,1.0,1.0,1.3174887322341726,1.9470425169698076,0.6635911278698893,2.0916607447711044,3.4211965154770954,-1.239834133572792
XGBoost_sin_latitud_longitud,64,400,0.05,4,3,1.0,1.0,1.2897596525743271,1.929910666931689,0.6694851449697711,2.1765293013361044,3.422783250421208,-1.2419122645672083
XGBoost_sin_latitud_longitud,29,200,0.05,4,3,0.8,0.8,1.3284297962093015,1.9568139940813472,0.6602060346248418,2.1899703251898925,3.42657351906874,-1.2468802418137646
XGBoost_sin_latitud_longitud,42,400,0.03,4,1,0.8,1.0,1.3028122375592186,1.9346810326695698,0.6678491880446591,2.2546318516262764,3.428332689089885,-1.2491878876094114
XGBoost_sin_latitud_longitud,32,200,0.05,4,3,1.0,1.0,1.3055452048045748,1.9350811199585038,0.6677117978948404,2.1765602864600946,3.4317127522229574,-1.2536251143474346
XGBoost_sin_latitud_longitud,61,400,0.05,4,3,0.8,0.8,1.2992720267581805,1.9322577642747383,0.6686807323373923,2.2065996734642637,3.4318352128977043,-1.2537859584484634
XGBoost_sin_latitud_longitud,2,200,0.03,3,1,0.8,1.0,1.3745995323601574,2.0296914281102083,0.634424901423788,2.2527293497465206,3.4359209914606805,-1.2591556521340581
XGBoost_sin_latitud_longitud,16,200,0.03,4,3,1.0,1.0,1.3313133203147518,1.960694513071026,0.6588570210128355,2.171773438227342,3.4408787455524665,-1.2656799108664312
XGBoost_sin_latitud_longitud,6,200,0.03,3,3,0.8,1.0,1.390515278863478,2.0633420103698508,0.6222025590086031,2.202700450777347,3.441157690168104,-1.266047273320059
XGBoost_sin_latitud_longitud,18,200,0.05,3,1,0.8,1.0,1.3439466583026443,1.9711482473413076,0.6552096145071216,2.314630359861389,3.443244031213048,-1.2687958719348118
XGBoost_sin_latitud_longitud,28,200,0.05,4,1,1.0,1.0,1.2950728127113929,1.9312297249966233,0.6690331890521318,2.1023698007539378,3.444894563848086,-1.2709715057954791
XGBoost_sin_latitud_longitud,37,400,0.03,3,3,0.8,0.8,1.3493708336021544,1.9820682323095828,0.6513788168929657,2.2257217052502796,3.4450662567902115,-1.2711978810813434
XGBoost_sin_latitud_longitud,60,400,0.05,4,1,1.0,1.0,1.28741141333918,1.929719081760043,0.6695507631388339,2.104861503516491,3.4490626955975126,-1.276470330070909
XGBoost_sin_latitud_longitud,44,400,0.03,4,1,1.0,1.0,1.2922380670454574,1.9304069723145751,0.6693151294382957,2.1087209859446685,3.454487541987763,-1.2836370387562086
XGBoost_sin_latitud_longitud,4,200,0.03,3,1,1.0,1.0,1.3663593735869346,2.011056144519766,0.641107021837888,2.241998344445084,3.469668798346401,-1.30375270382822
XGBoost_sin_latitud_longitud,47,400,0.03,4,3,1.0,0.8,1.2989302290419826,1.9320086289166103,0.6687661640272767,2.1739752220778894,3.4701024375715708,-1.3043285858635922
XGBoost_sin_latitud_longitud,48,400,0.03,4,3,1.0,1.0,1.3014379521435373,1.9329190043701177,0.6684539312611811,2.1803871935780896,3.4779349971694633,-1.3147427801231326
XGBoost_sin_latitud_longitud,19,200,0.05,3,1,1.0,0.8,1.316727654354064,1.9446828604507453,0.6644060339289024,2.1873538671634662,3.478613242316662,-1.3156456814948383
XGBoost_sin_latitud_longitud,38,400,0.03,3,3,0.8,1.0,1.350700132937757,1.9836455875063534,0.6508237217308466,2.2204076100557666,3.4835991853014825,-1.3222885307127212
XGBoost_sin_latitud_longitud,35,400,0.03,3,1,1.0,0.8,1.3035519003667448,1.935349775470602,0.6676195255315587,2.208157847025213,3.4862858359162594,-1.325871941715142
XGBoost_sin_latitud_longitud,54,400,0.05,3,3,0.8,1.0,1.3204047649449775,1.9461733283384977,0.6638914166392564,2.212571877171459,3.4882093661086744,-1.3284392120591266
XGBoost_sin_latitud_longitud,21,200,0.05,3,3,0.8,0.8,1.3607966031316623,1.9980657590065132,0.6457285741385648,2.3265220960695268,3.493612924552248,-1.3356587343254813
XGBoost_sin_latitud_longitud,17,200,0.05,3,1,0.8,0.8,1.3458483521933322,1.9748022588181617,0.6539301209265536,2.4174914515898864,3.4996397006584905,-1.3437241005369698
XGBoost_sin_latitud_longitud,50,400,0.05,3,1,0.8,1.0,1.3104904708359872,1.9375692892242626,0.6668567217586316,2.3513502733575242,3.5009218383945924,-1.3454417216781578
XGBoost_sin_latitud_longitud,22,200,0.05,3,3,0.8,1.0,1.3578994775182749,1.9982322782269084,0.6456695215677257,2.2081441894182907,3.504002664302309,-1.3495715351187312
XGBoost_sin_latitud_longitud,53,400,0.05,3,3,0.8,0.8,1.3214186886270265,1.9470217997046597,0.663598286865815,2.3378273621667094,3.5048907287552233,-1.3507626502936327
XGBoost_sin_latitud_longitud,34,400,0.03,3,1,0.8,1.0,1.3335332517928873,1.9576732264767882,0.6599075636576299,2.292549269356269,3.513128030110773,-1.3618253034423558
XGBoost_sin_latitud_longitud,30,200,0.05,4,3,0.8,1.0,1.3249215136164743,1.9550136645455594,0.6608309889673631,2.238126655237738,3.5171465655142566,-1.3672316004869094
XGBoost_sin_latitud_longitud,51,400,0.05,3,1,1.0,0.8,1.2916198492237012,1.9301712837978902,0.669395872897974,2.1848333018058868,3.519596084285985,-1.3705300683476977
XGBoost_sin_latitud_longitud,62,400,0.05,4,3,0.8,1.0,1.296435724966726,1.932018873133959,0.6687626513717386,2.248833751135511,3.53103716346761,-1.3859667849997002
XGBoost_sin_latitud_longitud,8,200,0.03,3,3,1.0,1.0,1.365696792808776,2.0226340954656292,0.6369627253282237,2.252465508602758,3.5341273112114324,-1.3901447167126237
XGBoost_sin_latitud_longitud,36,400,0.03,3,1,1.0,1.0,1.3056072249126691,1.9363081546372847,0.6672902564786951,2.2320700679575456,3.539617542509012,-1.3975766165668664
XGBoost_sin_latitud_longitud,49,400,0.05,3,1,0.8,0.8,1.313081592775207,1.9402424479805138,0.6659368483952512,2.4544898103452315,3.5509667129564004,-1.4129760930589135
XGBoost_sin_latitud_longitud,20,200,0.05,3,1,1.0,1.0,1.3141598499135605,1.9428841360982376,0.6650265586265474,2.271985391322671,3.5627739054314356,-1.4290493721415913
XGBoost_sin_latitud_longitud,39,400,0.03,3,3,1.0,0.8,1.325184119202969,1.9510079358862327,0.6622194469408786,2.236368832293224,3.563544974486356,-1.4301008940907964
XGBoost_sin_latitud_longitud,52,400,0.05,3,1,1.0,1.0,1.2917723299737263,1.930305332415109,0.669349950999389,2.282741849526082,3.589743955016543,-1.4659641715231726
XGBoost_sin_latitud_longitud,24,200,0.05,3,3,1.0,1.0,1.3341635146718378,1.9624270447510699,0.6582538651965204,2.2797746718787626,3.620326015431723,-1.5081596618555722
XGBoost_sin_latitud_longitud,23,200,0.05,3,3,1.0,0.8,1.3390144579238685,1.965771030646786,0.657088198506963,2.273184881779124,3.6524360068083928,-1.552848532808508
XGBoost_sin_latitud_longitud,40,400,0.03,3,3,1.0,1.0,1.331269853430799,1.9578146278139608,0.6598584326164053,2.3216828001590644,3.657761577512311,-1.560298512468579
XGBoost_sin_latitud_longitud,56,400,0.05,3,3,1.0,1.0,1.3008636954854362,1.932572082824273,0.6685729327842157,2.297158028184315,3.7351774115220877,-1.6698218666417186
XGBoost_sin_latitud_longitud,55,400,0.05,3,3,1.0,0.8,1.3032009387775265,1.9334183696640117,0.668282600764617,2.294429237038833,3.786686287760167,-1.7439643880395064
