n_estimators,learning_rate,max_depth,min_child_weight,subsample,colsample_bytree,MAE_val,RMSE_val,R2_val,MAE_test,RMSE_test,R2_test
400,0.05,3,3,0.8,0.8,0.9322403322701094,2.704698739044991,0.6328116757041746,0.4252315115505597,0.7928272890013811,0.8763457154716412
400,0.03,3,1,0.8,0.8,0.9885481360331024,2.7095190706354115,0.6315016986045511,0.42346988343166925,0.6519761868630969,0.9163789809127875
400,0.03,3,1,0.8,1.0,0.9880100410593298,2.7253522951022853,0.6271824350537636,0.41051773509642897,0.6484714601726669,0.9172755814979041
400,0.05,3,3,0.8,1.0,0.9504919834550891,2.7561024425551794,0.6187219726267734,0.4202020514912413,0.7728952382315862,0.8824850143081655
400,0.05,4,3,0.8,0.8,0.9512151536620228,2.771691299663966,0.6143966632946833,0.4080353532112207,0.7400675486463734,0.8922555989884882
400,0.05,3,1,0.8,1.0,0.9483653476569068,2.7861626454940014,0.6103595855022764,0.4041605587846797,0.7393554887953625,0.8924628329194325
400,0.03,4,1,0.8,0.8,0.9529986705047906,2.788220533946345,0.6097837880819683,0.38174209461765335,0.5547973126568692,0.9394490883439652
400,0.05,4,3,0.8,1.0,0.9357156032085914,2.7942885025170114,0.6080834948600733,0.4243844154210941,0.8561734511822259,0.855796599285423
400,0.05,4,1,0.8,0.8,0.9607364392997987,2.7973841988981265,0.6072146321301922,0.3894620191941361,0.6198647952061209,0.9244132048267167
400,0.03,4,1,0.8,1.0,0.9484579532893801,2.801747595829114,0.6059883328363411,0.36804093901164997,0.5461833621856362,0.9413147550230678
200,0.05,4,3,0.8,0.8,0.9836357003010127,2.809037223156076,0.6039353751154077,0.41774105131816525,0.7093557626955663,0.9010125375535364
400,0.05,4,1,0.8,1.0,0.9392051178781491,2.811617766782718,0.6032073452426603,0.35965570323872764,0.6281488137021624,0.9223793855009845
200,0.05,3,3,0.8,0.8,1.0269169896014074,2.8176849252398743,0.6014930287416935,0.43916442520370025,0.6800414925550725,0.9090248432558026
200,0.05,4,1,0.8,0.8,0.9908272449944459,2.823152394410134,0.5999449929989814,0.4146790214818067,0.6310511852424596,0.9216604338087624
200,0.05,4,1,0.8,1.0,0.9676833479162353,2.8344837825219185,0.5967271177966895,0.36523337813746604,0.6216919939979637,0.9239669279579252
200,0.05,4,3,0.8,1.0,0.9528242010629902,2.837314770100345,0.5959211645903635,0.4370151462603735,0.8494175095528455,0.858063396984319
400,0.05,3,1,0.8,0.8,0.992985256508247,2.842770600983888,0.5943656760025762,0.41334549731591197,0.6934299226745614,0.9054074038081557
400,0.05,3,3,1.0,1.0,1.0437664976185055,2.844419495290589,0.5938949787866671,0.4285249332686992,0.9413732014260371,0.8256685869083272
200,0.05,3,3,0.8,1.0,1.0296118149212246,2.845598285689328,0.5935583112204039,0.44717050371617034,0.6963018687558762,0.904622241824841
400,0.03,4,3,1.0,1.0,0.9731359872885171,2.8560962066142457,0.5905539073932429,0.43794223613814,0.9955715869178632,0.8050168977349639
400,0.05,3,1,1.0,1.0,1.0880806885706484,2.858232272184563,0.5899412314224535,0.36199273419705197,0.5812292443509048,0.9335420556288956
400,0.05,4,3,1.0,1.0,0.9489988402019766,2.858406864798905,0.5898911337311346,0.4351683131384529,1.0147835512052479,0.797418945768346
400,0.03,4,3,0.8,0.8,0.9421590342647502,2.866280369822171,0.5876287256716457,0.43764586795343235,0.800848587556449,0.8738309547481585
200,0.05,3,1,0.8,1.0,1.037674089419389,2.866663867874409,0.5875183706891454,0.4385096976600964,0.7240540531622071,0.8968678748929485
400,0.03,4,1,1.0,1.0,1.0519830172851226,2.8733266676316953,0.5855987341685708,0.32994577097273886,0.45132455134520133,0.9599290252565834
400,0.03,3,3,0.8,0.8,1.0085299477742669,2.8836866889991777,0.5826050295020742,0.4322742227227187,0.6677041761087062,0.9122958439618641
200,0.05,4,3,1.0,1.0,0.95826841432384,2.891639338781703,0.5802996659132106,0.43479619710658424,0.9587991663469076,0.8191546758776955
400,0.05,3,3,1.0,0.8,1.0254927462255583,2.8973940661002504,0.57862749035323,0.41624678814405114,0.7811111838462966,0.8799733456066015
400,0.05,4,1,1.0,0.8,0.9907565119827236,2.8978376619258777,0.5784984548193264,0.3421603833301668,0.4833702069624816,0.9540366424020709
400,0.03,3,3,0.8,1.0,1.0346244098404624,2.8995256008313883,0.5780072775010299,0.4203860812842656,0.6772140155416001,0.9097797836864051
400,0.03,4,3,0.8,1.0,0.9634117861698535,2.9027997614822536,0.5770537062944521,0.4219641817039976,0.7678590992008434,0.8840114661201536
400,0.03,3,1,1.0,1.0,1.1187296894813126,2.904156706986352,0.5766581921285938,0.38428206293218564,0.5797462943987448,0.9338807449882224
200,0.03,4,1,0.8,1.0,1.04221325338394,2.904789727459637,0.5764736199688056,0.38751878633515063,0.5719260531800389,0.93565248942306
200,0.03,4,1,0.8,0.8,1.0517945867424252,2.904939618720635,0.576429909719852,0.4083125917626131,0.5846107461553431,0.9327665221320076
200,0.03,3,1,0.8,1.0,1.1366054277163928,2.9083072803657104,0.5754472610164771,0.4719639277331649,0.6994670822540182,0.9037531442639922
400,0.05,4,1,1.0,1.0,1.0607300052012096,2.9090952298337562,0.5752171811870319,0.3378653674036203,0.4510230438123887,0.9599825462321384
200,0.05,3,1,0.8,0.8,1.0566686368491784,2.9094248170433286,0.5751209238260899,0.4397213439630245,0.6856204324107679,0.9075260322634559
200,0.05,3,1,1.0,1.0,1.1438578144035265,2.9097554849540272,0.5750243398831443,0.4190710197074011,0.6051683166639322,0.9279549156709664
200,0.03,3,1,0.8,0.8,1.1481648387597836,2.9179757486933044,0.5726197759297518,0.4798902480908893,0.6821592380058888,0.9084573419631274
200,0.05,4,1,1.0,0.8,0.9866515025943178,2.9196076541324794,0.5721416094208869,0.34780253541086814,0.4950986206183068,0.9517790878266431
200,0.03,4,1,1.0,1.0,1.0928827369612528,2.9236916783728795,0.5709437730064197,0.38249789415887764,0.5215257292795591,0.9464938790590894
400,0.03,3,3,1.0,1.0,1.0951556291216955,2.924291682532619,0.5707676518794866,0.40858681023915155,0.7957588097978011,0.8754295883803932
400,0.03,3,1,1.0,0.8,1.0995602781915153,2.924430673341323,0.5707268483103078,0.37183923320185486,0.5943285137809113,0.9305127503917388
200,0.05,4,1,1.0,1.0,1.0659240413609379,2.9285275111673372,0.5695232674850986,0.35380059674547876,0.4658738885467115,0.9573038487711101
200,0.05,3,3,1.0,1.0,1.1375233778855742,2.947623971424949,0.5638908229657965,0.42354911892668073,0.781062524103657,0.8799882993911996
400,0.03,3,3,1.0,0.8,1.0705227379658955,2.95256966308778,0.5624261375143795,0.42162674226302077,0.8085790412045365,0.8713834225052792
400,0.03,4,1,1.0,0.8,1.0068867397926848,2.958180298160313,0.5607615536657782,0.35790161797357434,0.5098367588513723,0.9488654688941422
200,0.03,4,3,1.0,1.0,1.0528406001892339,2.976552494467473,0.5552887065881421,0.45055971100471937,0.8346026734938614,0.8629713017947679
400,0.05,3,1,1.0,0.8,1.0923412555822862,3.0022753004456177,0.5475692726857793,0.35537646920763927,0.5937181005510405,0.9306554127528786
400,0.03,4,3,1.0,0.8,1.0436117818480495,3.0082370189785808,0.5457706750183029,0.42373185217586423,0.9035224882533223,0.8394057758545013
400,0.05,4,3,1.0,0.8,1.025220540778179,3.0140110498332064,0.5440252997915889,0.41162959694549245,0.8565607143002447,0.8556661180416995
200,0.03,3,1,1.0,1.0,1.2089534539894768,3.016965653807665,0.543130887014443,0.4943868534340405,0.6910099984391314,0.9060664682358837
200,0.05,3,3,1.0,0.8,1.0960752813163757,3.018117331182222,0.5427820157917956,0.4350333663557384,0.685700580506472,0.9075044108377526
200,0.03,4,1,1.0,0.8,1.053862802145472,3.0196512786614003,0.5423171388329173,0.4141192331606062,0.6013459387642263,0.9288621470599078
200,0.03,4,3,0.8,0.8,1.0596599424325772,3.0202137767072648,0.5421466094110368,0.44079613299562587,0.6612262157089799,0.9139893724675807
200,0.03,4,3,0.8,1.0,1.0873347020759825,3.0309513336795737,0.5388852733659344,0.4253070512538055,0.6569849302685139,0.9150892250272361
200,0.05,4,3,1.0,0.8,1.0211030371036938,3.0312470622336796,0.5387952874645477,0.4251265245649664,0.8353072174190458,0.862739853971621
200,0.03,3,1,1.0,0.8,1.2200969781804631,3.0415551077817753,0.5356532125993004,0.47941811007975516,0.6950269597659189,0.9049711900198123
200,0.05,3,1,1.0,0.8,1.1329089245680815,3.0445927114330877,0.5347252624018569,0.385955559107514,0.6089189326155233,0.9270591292326973
200,0.03,4,3,1.0,0.8,1.1015664334502822,3.134639892464435,0.506796240197674,0.4459594217746589,0.803290805863889,0.873060266786363
200,0.03,3,3,0.8,1.0,1.2039101149705007,3.1515351926832773,0.5014653043969679,0.4646066968088013,0.6231863660342833,0.9236009645708014
200,0.03,3,3,0.8,0.8,1.2115269153560577,3.1568340117335976,0.4997874770908747,0.4577017071612654,0.6198028769372493,0.924428304796227
200,0.03,3,3,1.0,0.8,1.2259136517194442,3.1862442466976884,0.4904237309757803,0.4892092024295133,0.6983055365212455,0.9040725368503204
200,0.03,3,3,1.0,1.0,1.2571258409812989,3.1877340578037443,0.48994708837618817,0.47203524035929617,0.6396619060453761,0.9195079544241621
